pr_number,title,url,outcome,merged,commit_count,changed_files,additions,deletions,changed_lines,title_length,body_length,comments,review_comments,commit_message_total_length,commit_message_avg_length,commit_message_max_length,commit_message_keyword_count,commit_messages
16532,Fix the API only available on main,https://github.com/apache/lucene/pull/16532,MERGED,1,1,1,6,1,7,34,72,0,0,31,31.0,31,1,Fix API only available on main.
16527,feat: add cancellation checks to `WordStorage`,https://github.com/apache/lucene/pull/16527,MERGED,1,2,4,33,8,41,46,0,0,4,65,32.5,46,0,feat: add cancellation checks to `WordStorage` || Inline `buildCache`
16525,deps(java): bump com.github.luben:zstd-jni from 1.5.7-12 to 1.5.7-13,https://github.com/apache/lucene/pull/16525,MERGED,1,1,1,1,1,2,68,3453,0,0,482,482.0,482,0,deps(java): bump com.github.luben:zstd-jni from 1.5.7-12 to 1.5.7-13  Bumps [com.github.luben:zstd-jni](https://github.com/luben/zstd-jni) from 1.5.7-12 to 1.5.7-13. - [Commits](https://github.com/luben/zstd-jni/compare/v1.5.7-12...v1.5.7-13)  --- updated-dependencies: - dependency-name: com.github.luben:zstd-jni   dependency-version: 1.5.7-13   dependency-type: direct:production   update-type: version-update:semver-patch ...  Signed-off-by: dependabot[bot] <support@github.com>
16524,deps(java): bump com.github.ben-manes.versions from 0.58.0 to 0.61.0,https://github.com/apache/lucene/pull/16524,MERGED,1,1,1,1,1,2,68,1577,0,0,370,370.0,370,0,deps(java): bump com.github.ben-manes.versions from 0.58.0 to 0.61.0  Bumps com.github.ben-manes.versions from 0.58.0 to 0.61.0.  --- updated-dependencies: - dependency-name: com.github.ben-manes.versions   dependency-version: 0.61.0   dependency-type: direct:production   update-type: version-update:semver-minor ...  Signed-off-by: dependabot[bot] <support@github.com>
16523,deps(java): bump junit5 from 6.1.2 to 6.1.3,https://github.com/apache/lucene/pull/16523,MERGED,1,2,20,27,27,54,43,14036,0,0,1770,885.0,1750,2,"deps(java): bump junit5 from 6.1.2 to 6.1.3  Bumps `junit5` from 6.1.2 to 6.1.3.  Updates `org.junit.jupiter:junit-jupiter-engine` from 6.1.2 to 6.1.3 - [Release notes](https://github.com/junit-team/junit-framework/releases) - [Commits](https://github.com/junit-team/junit-framework/compare/r6.1.2...r6.1.3)  Updates `org.junit.platform:junit-platform-launcher` from 6.1.2 to 6.1.3 - [Release notes](https://github.com/junit-team/junit-framework/releases) - [Commits](https://github.com/junit-team/junit-framework/compare/r6.1.2...r6.1.3)  Updates `org.junit.platform:junit-platform-testkit` from 6.1.2 to 6.1.3 - [Release notes](https://github.com/junit-team/junit-framework/releases) - [Commits](https://github.com/junit-team/junit-framework/compare/r6.1.2...r6.1.3)  Updates `org.junit.vintage:junit-vintage-engine` from 6.1.2 to 6.1.3 - [Release notes](https://github.com/junit-team/junit-framework/releases) - [Commits](https://github.com/junit-team/junit-framework/compare/r6.1.2...r6.1.3)  --- updated-dependencies: - dependency-name: org.junit.jupiter:junit-jupiter-engine   dependency-version: 6.1.3   dependency-type: direct:production   update-type: version-update:semver-patch - dependency-name: org.junit.platform:junit-platform-launcher   dependency-version: 6.1.3   dependency-type: direct:production   update-type: version-update:semver-patch - dependency-name: org.junit.platform:junit-platform-testkit   dependency-version: 6.1.3   dependency-type: direct:production   update-type: version-update:semver-patch - dependency-name: org.junit.vintage:junit-vintage-engine   dependency-version: 6.1.3   dependency-type: direct:production   update-type: version-update:semver-patch ...  Signed-off-by: dependabot[bot] <support@github.com> || Lockfile, checksums."
16519,ScoreSupplier#cost throws an IOException,https://github.com/apache/lucene/pull/16519,MERGED,1,3,24,78,90,168,40,123,0,1,48,16.0,40,0,ScoreSupplier#cost throws an IOException || tidy || iter
16513,Add docIDRunEnd contract tests for DV formats,https://github.com/apache/lucene/pull/16513,MERGED,1,4,2,244,0,244,45,979,0,0,217,54.25,77,1,Add docIDRunEnd contract tests for DV formats || Merge remote-tracking branch 'upstream/main' into docidrunend-format-contract || update CHANGES.txt || Merge remote-tracking branch 'upstream/main' into docidrunend-format-contract
16512,Delegate docIDRunEnd in AssertingScorer's two-phase iterator,https://github.com/apache/lucene/pull/16512,MERGED,1,3,3,106,0,106,60,576,0,0,143,47.666666666666664,71,0,Delegate docIDRunEnd in AssertingScorer two-phase view || Merge remote-tracking branch 'upstream/main' into asserting-docidrunend || update CHANGES.txt
16511,Add bulk-scorer differential oracle test,https://github.com/apache/lucene/pull/16511,MERGED,1,3,5,725,0,725,40,1456,0,0,140,46.666666666666664,68,1,Add bulk-scorer vs doc-by-doc differential oracle test || Update CHANGES.txt || Merge remote-tracking branch 'upstream/main' into bulk-scorer-oracle
16508,Fix errors in grouping package-info javadocs,https://github.com/apache/lucene/pull/16508,MERGED,1,1,1,2,5,7,44,36,0,0,80,80.0,80,1,Fix errors in grouping package-info javadocs  Some methods were removed/renamed.
16505,deps(java): bump org.apache.groovy:groovy-all from 5.0.7 to 5.0.8,https://github.com/apache/lucene/pull/16505,MERGED,1,1,1,1,1,2,65,1767,0,0,452,452.0,452,0,deps(java): bump org.apache.groovy:groovy-all from 5.0.7 to 5.0.8  Bumps [org.apache.groovy:groovy-all](https://github.com/apache/groovy) from 5.0.7 to 5.0.8. - [Commits](https://github.com/apache/groovy/commits)  --- updated-dependencies: - dependency-name: org.apache.groovy:groovy-all   dependency-version: 5.0.8   dependency-type: direct:production   update-type: version-update:semver-patch ...  Signed-off-by: dependabot[bot] <support@github.com>
16504,deps(java): bump com.github.ben-manes.versions from 0.58.0 to 0.60.0,https://github.com/apache/lucene/pull/16504,CLOSED,0,1,1,1,1,2,68,1577,1,0,370,370.0,370,0,deps(java): bump com.github.ben-manes.versions from 0.58.0 to 0.60.0  Bumps com.github.ben-manes.versions from 0.58.0 to 0.60.0.  --- updated-dependencies: - dependency-name: com.github.ben-manes.versions   dependency-version: 0.60.0   dependency-type: direct:production   update-type: version-update:semver-minor ...  Signed-off-by: dependabot[bot] <support@github.com>
16503,deps(java): bump commons-codec:commons-codec from 1.22.0 to 1.22.1,https://github.com/apache/lucene/pull/16503,MERGED,1,2,4,4,4,8,66,6836,0,0,625,312.5,605,0,"deps(java): bump commons-codec:commons-codec from 1.22.0 to 1.22.1  Bumps [commons-codec:commons-codec](https://github.com/apache/commons-codec) from 1.22.0 to 1.22.1. - [Changelog](https://github.com/apache/commons-codec/blob/master/RELEASE-NOTES.txt) - [Commits](https://github.com/apache/commons-codec/compare/rel/commons-codec-1.22.0...rel/commons-codec-1.22.1)  --- updated-dependencies: - dependency-name: commons-codec:commons-codec   dependency-version: 1.22.1   dependency-type: direct:production   update-type: version-update:semver-patch ...  Signed-off-by: dependabot[bot] <support@github.com> || Lockfile, checksums."
16502,deps(java): bump nl.littlerobots.version-catalog-update from 1.1.0 to 1.1.1,https://github.com/apache/lucene/pull/16502,MERGED,1,1,1,1,1,2,75,5973,0,0,726,726.0,726,0,deps(java): bump nl.littlerobots.version-catalog-update  Bumps [nl.littlerobots.version-catalog-update](https://github.com/littlerobots/version-catalog-update-plugin) from 1.1.0 to 1.1.1. - [Release notes](https://github.com/littlerobots/version-catalog-update-plugin/releases) - [Changelog](https://github.com/littlerobots/version-catalog-update-plugin/blob/main/CHANGELOG.md) - [Commits](https://github.com/littlerobots/version-catalog-update-plugin/compare/v1.1.0...v1.1.1)  --- updated-dependencies: - dependency-name: nl.littlerobots.version-catalog-update   dependency-version: 1.1.1   dependency-type: direct:production   update-type: version-update:semver-patch ...  Signed-off-by: dependabot[bot] <support@github.com>
16501,deps(java): bump com.gradle.common-custom-user-data-gradle-plugin from 2.7.0 to 2.8.0,https://github.com/apache/lucene/pull/16501,MERGED,1,1,1,1,1,2,85,1611,0,0,402,402.0,402,0,deps(java): bump com.gradle.common-custom-user-data-gradle-plugin  Bumps com.gradle.common-custom-user-data-gradle-plugin from 2.7.0 to 2.8.0.  --- updated-dependencies: - dependency-name: com.gradle.common-custom-user-data-gradle-plugin   dependency-version: 2.8.0   dependency-type: direct:production   update-type: version-update:semver-minor ...  Signed-off-by: dependabot[bot] <support@github.com>
16499,Clean up BytesRefHash,https://github.com/apache/lucene/pull/16499,MERGED,1,4,2,9,22,31,21,424,2,4,423,105.75,367,4,"Clean up BytesRefHash  * Remove the lastCount field as it is not in use * Remove close(): it has no callers, also Map data structure typically does not provide such operation * Fix get() javadoc: valid ids are non-negative, not positive (0 is a valid id) * Fix the rehash() comment: the shrink threshold is 25% occupancy * Remove a stale TODO on DirectBytesStartArray || Update CHANGES.txt || Revise rehash javadoc comment. || Fix tidy"
16498,Remove JVMCI checks and update assertions for Java 25 ,https://github.com/apache/lucene/pull/16498,MERGED,1,1,2,1,11,12,54,633,2,0,62,62.0,62,0,Remove JVMCI checks and update assertions for Java 25 (#16317)
16497,Allow Java Panama vector API on GraalVM for JDK 25+ (#16317),https://github.com/apache/lucene/pull/16497,MERGED,1,2,2,3,1,4,60,730,14,1,81,40.5,63,0,Allow Java vector incubator API on GraalVM for JDK 25+ (#16317) || Add changes entry.
16496,Redesign ReaderUtil.partitionByLeaf to take int[] and track input ordinals for scatter/gather,https://github.com/apache/lucene/pull/16496,MERGED,1,8,4,360,97,457,93,3232,1,16,713,89.125,265,1,"Redesign ReaderUtil.partitionByLeaf to take int[] and add partitionByLeafWithOrdinals for scatter/gather || Update CHANGES.txt placeholder to actual pull request number || Preserve binary-search partitioning from #15938 in the redesigned partitionByLeaf  The redesign initially reverted the leaf-boundary binary search (GITHUB#15938) back to a linear scan. Restore binary-search partitioning in both the no-ordinals and ordinals helpers. || Merge branch 'main' into partitionbyleaf-upstream-main || update partition-by-leaf benchmark || add intro-sort version to jmh bench || Consolidate partitionByLeaf into a single ordinals-tracking API, trim redundant tests || Decode packed docIDs/ordinals directly into per-leaf arrays and trim comment"
16494,[Backport PR] Wrap dropped-FP scalar-quantized float values so scoring stays quantized,https://github.com/apache/lucene/pull/16494,MERGED,1,2,5,141,27,168,86,156,0,0,291,145.5,151,1,"Wrap dropped-FP scalar-quantized float values so scoring stays quantized (#16415)  (cherry picked from commit 7621eae9a22669ff1082eec4c14a6d40079f9256) || Adapt to branch_10_5: PerFieldKnnVectorsFormat.FieldsReader unwrap, disable write-based test for read-only lucene99 codec; add CHANGES entry"
16493,"Backport ""sandboxed de-duplicating HNSW vector format"" to 10.x",https://github.com/apache/lucene/pull/16493,MERGED,1,2,20,3174,7,3181,62,50,1,0,1046,523.0,891,0,"Add a sandboxed de-duplicating HNSW vector format (#15979)  Add a sandboxed de-duplicating HNSW vector format (`DedupHnswVectorsFormat`) that stores each distinct full-precision vector once, shared across all documents and fields that reference it.  This format enables building and searching of multiple HNSW graphs backed by the same vectors, without duplicating them on disk. For example: a subset of vectors identified by a filter can be indexed into a dedicated HNSW graph for performant filtered vector search.  Fields are grouped by `(dimension, encoding)` and all vectors within a group are de-duplicated during flush and merge. Each field maintains an off-heap mapping from `field ordinal -> ordinal in group` to reference to the shared vector, and vector operations like scoring and lookup are indirected to it.  (cherry picked from commit 4a3ed9791451f1c4c8ac4fc84226e485a891f954) || Adapt for Lucene 10.x  - Remove float16 functions - Workarounds for unsupported Java language features - Use equivalent 10.x patterns for missing functions"
16492,[Backport PR] Wrap dropped-FP scalar-quantized float values so scoring stays quantized,https://github.com/apache/lucene/pull/16492,MERGED,1,2,4,137,27,164,86,100,0,0,271,135.5,151,1,"Wrap dropped-FP scalar-quantized float values so scoring stays quantized (#16415)  (cherry picked from commit 7621eae9a22669ff1082eec4c14a6d40079f9256) || Adapt to branch_10x: PerFieldKnnVectorsFormat.FieldsReader unwrap, disable write-based test for read-only lucene99 codec"
16490,Check if merge is aborted during HNSW graph construction (#16368),https://github.com/apache/lucene/pull/16490,MERGED,1,1,9,258,6,264,65,287,0,0,74,74.0,74,0,Check if merge is aborted during HNSW graph construction (#16368) (#16391)
16488,deps(java): bump org.eclipse.jgit:org.eclipse.jgit from 7.7.0.202606012155-r to 7.7.1.202607240634-r,https://github.com/apache/lucene/pull/16488,MERGED,1,1,1,1,1,2,100,3628,0,0,546,546.0,546,0,deps(java): bump org.eclipse.jgit:org.eclipse.jgit  Bumps [org.eclipse.jgit:org.eclipse.jgit](https://github.com/eclipse-jgit/jgit) from 7.7.0.202606012155-r to 7.7.1.202607240634-r. - [Commits](https://github.com/eclipse-jgit/jgit/compare/v7.7.0.202606012155-r...v7.7.1.202607240634-r)  --- updated-dependencies: - dependency-name: org.eclipse.jgit:org.eclipse.jgit   dependency-version: 7.7.1.202607240634-r   dependency-type: direct:production   update-type: version-update:semver-patch ...  Signed-off-by: dependabot[bot] <support@github.com>
16487,deps(java): bump com.diffplug.spotless from 8.8.0 to 8.9.0,https://github.com/apache/lucene/pull/16487,MERGED,1,1,1,1,1,2,58,1557,0,0,341,341.0,341,0,deps(java): bump com.diffplug.spotless from 8.8.0 to 8.9.0  Bumps com.diffplug.spotless from 8.8.0 to 8.9.0.  --- updated-dependencies: - dependency-name: com.diffplug.spotless   dependency-version: 8.9.0   dependency-type: direct:production   update-type: version-update:semver-minor ...  Signed-off-by: dependabot[bot] <support@github.com>
16486,deps(java): bump com.github.luben:zstd-jni from 1.5.7-11 to 1.5.7-12,https://github.com/apache/lucene/pull/16486,MERGED,1,1,1,1,1,2,68,2052,0,0,460,460.0,460,0,deps(java): bump com.github.luben:zstd-jni from 1.5.7-11 to 1.5.7-12  Bumps [com.github.luben:zstd-jni](https://github.com/luben/zstd-jni) from 1.5.7-11 to 1.5.7-12. - [Commits](https://github.com/luben/zstd-jni/commits)  --- updated-dependencies: - dependency-name: com.github.luben:zstd-jni   dependency-version: 1.5.7-12   dependency-type: direct:production   update-type: version-update:semver-patch ...  Signed-off-by: dependabot[bot] <support@github.com>
16485,deps(java): bump com.github.ben-manes.versions from 0.54.0 to 0.58.0,https://github.com/apache/lucene/pull/16485,MERGED,1,1,1,1,1,2,68,1577,0,0,370,370.0,370,0,deps(java): bump com.github.ben-manes.versions from 0.54.0 to 0.58.0  Bumps com.github.ben-manes.versions from 0.54.0 to 0.58.0.  --- updated-dependencies: - dependency-name: com.github.ben-manes.versions   dependency-version: 0.58.0   dependency-type: direct:production   update-type: version-update:semver-minor ...  Signed-off-by: dependabot[bot] <support@github.com>
16484,LUCENE-6513: Add FrequentTermsSpanBooleanQueryRewrite,https://github.com/apache/lucene/pull/16484,MERGED,1,3,3,176,8,184,53,1190,0,2,1299,433.0,1221,2,"LUCENE-6513: Add FrequentTermsSpanBooleanQueryRewrite to SpanMultiTermQueryWrapper  Adds a SpanRewriteMethod that bounds SpanMultiTermQueryWrapper expansion by retaining only the most frequent terms, ranked by document frequency (DF_ORDER) or document frequency then total term frequency (DF_THEN_TTF_ORDER), or any caller-supplied Comparator<ScoreTerm>. This offers a more meaningful cap than TopTermsSpanBooleanQueryRewrite, whose boost-based ordering degenerates to lexicographical order for most multi-term queries.  It is built on ScoringRewrite rather than TopTermsRewrite because TopTermsRewrite caps terms while collecting them per segment, which requires a ranking key that is stable across segments (such as boost); document and total term frequencies are only per-segment during collection. ScoringRewrite instead collects every matching term first, aggregating TermStates across all segments, after which the maxSize most frequent terms are kept in a PriorityQueue using the aggregated statistics.  Implements equals/hashCode over maxSize and the ordering Comparator for parity with TopTermsSpanBooleanQueryRewrite. Adds TestSpanMultiTermQueryWrapper.testFrequentTermsRewrite covering the frequency-based cap. || Merge branch 'main' into LUCENE-6513-Issue7571-SpanFreqTermsRewrite || CHANGES.txt"
16481,[Backport 10x] Move finishMerge to a finally block so it always runs (#14977),https://github.com/apache/lucene/pull/16481,MERGED,1,3,7,264,36,300,77,538,2,10,566,188.66666666666666,421,3,"Backport #14977: invoke KnnVectorsReader#finishMerge() from SegmentMerger#cleanupMerge() (#16419) || Merge branch_10x to resolve CHANGES.txt conflict || Address review feedback on TestMergeReadAdviceRevert  - use MMapDirectory(createTempDir()) instead of ByteBuffersDirectory - use TestUtil#alwaysKnnVectorsFormat instead of a hand-rolled FilterCodec - use BaseKnnVectorsFormatTestCase#randomNormalizedVector for vector values - reference Lucene99FlatVectorsFormat#VECTOR_DATA_EXTENSION instead of .vec - drop the defensive copy in Recorder#snapshot, return the map directly"
16472,ci: bump actions/setup-java from 5.4.0 to 5.6.0 in /.github/actions/prepare-for-build,https://github.com/apache/lucene/pull/16472,MERGED,1,1,1,1,1,2,85,10513,0,0,592,592.0,592,0,ci: bump actions/setup-java in /.github/actions/prepare-for-build  Bumps [actions/setup-java](https://github.com/actions/setup-java) from 5.4.0 to 5.6.0. - [Release notes](https://github.com/actions/setup-java/releases) - [Commits](https://github.com/actions/setup-java/compare/1bcf9fb12cf4aa7d266a90ae39939e61372fe520...03ad4de0992f5dab5e18fcb136590ce7c4a0ac95)  --- updated-dependencies: - dependency-name: actions/setup-java   dependency-version: 5.6.0   dependency-type: direct:production   update-type: version-update:semver-minor ...  Signed-off-by: dependabot[bot] <support@github.com>
16471,ci: bump actions/setup-go from 6.5.0 to 7.0.0 in /.github/actions/eclint,https://github.com/apache/lucene/pull/16471,MERGED,1,1,1,1,1,2,72,3450,0,0,589,589.0,589,0,ci: bump actions/setup-go from 6.5.0 to 7.0.0 in /.github/actions/eclint  Bumps [actions/setup-go](https://github.com/actions/setup-go) from 6.5.0 to 7.0.0. - [Release notes](https://github.com/actions/setup-go/releases) - [Commits](https://github.com/actions/setup-go/compare/924ae3a1cded613372ab5595356fb5720e22ba16...b7ad1dad31e06c5925ef5d2fc7ad053ef454303e)  --- updated-dependencies: - dependency-name: actions/setup-go   dependency-version: 7.0.0   dependency-type: direct:production   update-type: version-update:semver-major ...  Signed-off-by: dependabot[bot] <support@github.com>
16470,ci: bump astral-sh/setup-uv from 8.2.0 to 9.0.0,https://github.com/apache/lucene/pull/16470,MERGED,1,1,2,2,2,4,47,7311,0,0,574,574.0,574,0,ci: bump astral-sh/setup-uv from 8.2.0 to 9.0.0  Bumps [astral-sh/setup-uv](https://github.com/astral-sh/setup-uv) from 8.2.0 to 9.0.0. - [Release notes](https://github.com/astral-sh/setup-uv/releases) - [Commits](https://github.com/astral-sh/setup-uv/compare/fac544c07dec837d0ccb6301d7b5580bf5edae39...c771a70e6277c0a99b617c7a806ffedaca235ff9)  --- updated-dependencies: - dependency-name: astral-sh/setup-uv   dependency-version: 9.0.0   dependency-type: direct:production   update-type: version-update:semver-major ...  Signed-off-by: dependabot[bot] <support@github.com>
16469,ci: bump github/codeql-action/upload-sarif from 4.36.2 to 4.37.3,https://github.com/apache/lucene/pull/16469,MERGED,1,1,1,1,1,2,64,13000,0,0,708,708.0,708,0,ci: bump github/codeql-action/upload-sarif from 4.36.2 to 4.37.3  Bumps [github/codeql-action/upload-sarif](https://github.com/github/codeql-action) from 4.36.2 to 4.37.3. - [Release notes](https://github.com/github/codeql-action/releases) - [Changelog](https://github.com/github/codeql-action/blob/main/CHANGELOG.md) - [Commits](https://github.com/github/codeql-action/compare/8aad20d150bbac5944a9f9d289da16a4b0d87c1e...e4fba868fa4b1b91e1fdab776edc8cfbe6e9fb81)  --- updated-dependencies: - dependency-name: github/codeql-action/upload-sarif   dependency-version: 4.37.3   dependency-type: direct:production   update-type: version-update:semver-minor ...  Signed-off-by: dependabot[bot] <support@github.com>
16468,ci: bump actions/labeler from 6.1.0 to 7.0.0,https://github.com/apache/lucene/pull/16468,MERGED,1,1,1,1,1,2,44,4517,0,0,556,556.0,556,0,ci: bump actions/labeler from 6.1.0 to 7.0.0  Bumps [actions/labeler](https://github.com/actions/labeler) from 6.1.0 to 7.0.0. - [Release notes](https://github.com/actions/labeler/releases) - [Commits](https://github.com/actions/labeler/compare/f27b608878404679385c85cfa523b85ccb86e213...bf12e9b00b37c5c0ca2b87b79b2daf7891dbda13)  --- updated-dependencies: - dependency-name: actions/labeler   dependency-version: 7.0.0   dependency-type: direct:production   update-type: version-update:semver-major ...  Signed-off-by: dependabot[bot] <support@github.com>
16467,ci: bump github/codeql-action/analyze from 4.36.2 to 4.37.3,https://github.com/apache/lucene/pull/16467,MERGED,1,1,1,1,1,2,59,11455,1,0,693,693.0,693,0,ci: bump github/codeql-action/analyze from 4.36.2 to 4.37.3  Bumps [github/codeql-action/analyze](https://github.com/github/codeql-action) from 4.36.2 to 4.37.3. - [Release notes](https://github.com/github/codeql-action/releases) - [Changelog](https://github.com/github/codeql-action/blob/main/CHANGELOG.md) - [Commits](https://github.com/github/codeql-action/compare/8aad20d150bbac5944a9f9d289da16a4b0d87c1e...e4fba868fa4b1b91e1fdab776edc8cfbe6e9fb81)  --- updated-dependencies: - dependency-name: github/codeql-action/analyze   dependency-version: 4.37.3   dependency-type: direct:production   update-type: version-update:semver-minor ...  Signed-off-by: dependabot[bot] <support@github.com>
16466,ci: bump actions/checkout from 7.0.0 to 7.0.1,https://github.com/apache/lucene/pull/16466,MERGED,1,1,14,19,19,38,45,11078,0,0,636,636.0,636,0,ci: bump actions/checkout from 7.0.0 to 7.0.1  Bumps [actions/checkout](https://github.com/actions/checkout) from 7.0.0 to 7.0.1. - [Release notes](https://github.com/actions/checkout/releases) - [Changelog](https://github.com/actions/checkout/blob/main/CHANGELOG.md) - [Commits](https://github.com/actions/checkout/compare/9c091bb21b7c1c1d1991bb908d89e4e9dddfe3e0...3d3c42e5aac5ba805825da76410c181273ba90b1)  --- updated-dependencies: - dependency-name: actions/checkout   dependency-version: 7.0.1   dependency-type: direct:production   update-type: version-update:semver-patch ...  Signed-off-by: dependabot[bot] <support@github.com>
16465,ci: bump actions/setup-java from 5.4.0 to 5.6.0,https://github.com/apache/lucene/pull/16465,MERGED,1,1,2,2,2,4,47,12026,0,0,574,574.0,574,0,ci: bump actions/setup-java from 5.4.0 to 5.6.0  Bumps [actions/setup-java](https://github.com/actions/setup-java) from 5.4.0 to 5.6.0. - [Release notes](https://github.com/actions/setup-java/releases) - [Commits](https://github.com/actions/setup-java/compare/1bcf9fb12cf4aa7d266a90ae39939e61372fe520...03ad4de0992f5dab5e18fcb136590ce7c4a0ac95)  --- updated-dependencies: - dependency-name: actions/setup-java   dependency-version: 5.6.0   dependency-type: direct:production   update-type: version-update:semver-minor ...  Signed-off-by: dependabot[bot] <support@github.com>
16464,ci: bump actions/setup-python from 6.3.0 to 7.0.0,https://github.com/apache/lucene/pull/16464,MERGED,1,1,1,1,1,2,49,6893,0,0,586,586.0,586,0,ci: bump actions/setup-python from 6.3.0 to 7.0.0  Bumps [actions/setup-python](https://github.com/actions/setup-python) from 6.3.0 to 7.0.0. - [Release notes](https://github.com/actions/setup-python/releases) - [Commits](https://github.com/actions/setup-python/compare/ece7cb06caefa5fff74198d8649806c4678c61a1...5fda3b95a4ea91299a34e894583c3862153e4b97)  --- updated-dependencies: - dependency-name: actions/setup-python   dependency-version: 7.0.0   dependency-type: direct:production   update-type: version-update:semver-major ...  Signed-off-by: dependabot[bot] <support@github.com>
16463,ci: bump github/codeql-action/init from 4.36.2 to 4.37.3,https://github.com/apache/lucene/pull/16463,MERGED,1,1,1,1,1,2,56,12968,0,0,684,684.0,684,0,ci: bump github/codeql-action/init from 4.36.2 to 4.37.3  Bumps [github/codeql-action/init](https://github.com/github/codeql-action) from 4.36.2 to 4.37.3. - [Release notes](https://github.com/github/codeql-action/releases) - [Changelog](https://github.com/github/codeql-action/blob/main/CHANGELOG.md) - [Commits](https://github.com/github/codeql-action/compare/8aad20d150bbac5944a9f9d289da16a4b0d87c1e...e4fba868fa4b1b91e1fdab776edc8cfbe6e9fb81)  --- updated-dependencies: - dependency-name: github/codeql-action/init   dependency-version: 4.37.3   dependency-type: direct:production   update-type: version-update:semver-minor ...  Signed-off-by: dependabot[bot] <support@github.com>
16462,build(deps): bump ast-grep-cli from 0.44.0 to 0.45.0 in /dev-tools,https://github.com/apache/lucene/pull/16462,MERGED,1,3,3,13,12,25,66,21671,3,0,671,223.66666666666666,589,1,"build(deps): bump ast-grep-cli from 0.44.0 to 0.45.0 in /dev-tools  Bumps [ast-grep-cli](https://github.com/ast-grep/ast-grep) from 0.44.0 to 0.45.0. - [Release notes](https://github.com/ast-grep/ast-grep/releases) - [Changelog](https://github.com/ast-grep/ast-grep/blob/main/CHANGELOG.md) - [Commits](https://github.com/ast-grep/ast-grep/compare/0.44.0...0.45.0)  --- updated-dependencies: - dependency-name: ast-grep-cli   dependency-version: 0.45.0   dependency-type: direct:development   update-type: version-update:semver-minor ...  Signed-off-by: dependabot[bot] <support@github.com> || build: bump ast-grep to 0.45.1 || build: fix rule to look for ""no real content at all"""
16461,build(deps): bump prek from 0.4.5 to 0.4.11 in /dev-tools,https://github.com/apache/lucene/pull/16461,MERGED,1,1,2,20,20,40,57,9475,0,0,534,534.0,534,0,build(deps): bump prek from 0.4.5 to 0.4.11 in /dev-tools  Bumps [prek](https://github.com/j178/prek) from 0.4.5 to 0.4.11. - [Release notes](https://github.com/j178/prek/releases) - [Changelog](https://github.com/j178/prek/blob/master/CHANGELOG.md) - [Commits](https://github.com/j178/prek/compare/v0.4.5...v0.4.11)  --- updated-dependencies: - dependency-name: prek   dependency-version: 0.4.11   dependency-type: direct:development   update-type: version-update:semver-patch ...  Signed-off-by: dependabot[bot] <support@github.com>
16460,build(deps): bump types-pyyaml from 6.0.12.20260518 to 6.0.12.20260724 in /dev-tools,https://github.com/apache/lucene/pull/16460,MERGED,1,1,1,1,1,2,84,260,1,0,433,433.0,433,0,build(deps): bump types-pyyaml in /dev-tools  Bumps [types-pyyaml](https://github.com/python/typeshed) from 6.0.12.20260518 to 6.0.12.20260724. - [Commits](https://github.com/python/typeshed/commits)  --- updated-dependencies: - dependency-name: types-pyyaml   dependency-version: 6.0.12.20260724   dependency-type: direct:production   update-type: version-update:semver-patch ...  Signed-off-by: dependabot[bot] <support@github.com>
16459,build(deps): bump ty from 0.0.53 to 0.0.63 in /dev-tools,https://github.com/apache/lucene/pull/16459,MERGED,1,2,2,3,3,6,56,9572,0,0,560,280.0,538,1,build(deps): bump ty from 0.0.53 to 0.0.63 in /dev-tools  Bumps [ty](https://github.com/astral-sh/ty) from 0.0.53 to 0.0.63. - [Release notes](https://github.com/astral-sh/ty/releases) - [Changelog](https://github.com/astral-sh/ty/blob/main/CHANGELOG.md) - [Commits](https://github.com/astral-sh/ty/compare/0.0.53...0.0.63)  --- updated-dependencies: - dependency-name: ty   dependency-version: 0.0.63   dependency-type: direct:production   update-type: version-update:semver-patch ...  Signed-off-by: dependabot[bot] <support@github.com> || build: fix type issues
16458,build(deps): bump rumdl from 0.2.22 to 0.2.43 in /dev-tools,https://github.com/apache/lucene/pull/16458,MERGED,1,1,2,11,11,22,59,11645,1,0,546,546.0,546,0,build(deps): bump rumdl from 0.2.22 to 0.2.43 in /dev-tools  Bumps [rumdl](https://github.com/rvben/rumdl) from 0.2.22 to 0.2.43. - [Release notes](https://github.com/rvben/rumdl/releases) - [Changelog](https://github.com/rvben/rumdl/blob/main/CHANGELOG.md) - [Commits](https://github.com/rvben/rumdl/compare/v0.2.22...v0.2.43)  --- updated-dependencies: - dependency-name: rumdl   dependency-version: 0.2.43   dependency-type: direct:development   update-type: version-update:semver-patch ...  Signed-off-by: dependabot[bot] <support@github.com>
16457,build(deps): bump typos from 1.47.2 to 1.48.0 in /dev-tools,https://github.com/apache/lucene/pull/16457,MERGED,1,1,2,13,13,26,59,1845,0,0,560,560.0,560,0,build(deps): bump typos from 1.47.2 to 1.48.0 in /dev-tools  Bumps [typos](https://github.com/crate-ci/typos) from 1.47.2 to 1.48.0. - [Release notes](https://github.com/crate-ci/typos/releases) - [Changelog](https://github.com/crate-ci/typos/blob/master/CHANGELOG.md) - [Commits](https://github.com/crate-ci/typos/compare/v1.47.2...v1.48.0)  --- updated-dependencies: - dependency-name: typos   dependency-version: 1.48.0   dependency-type: direct:development   update-type: version-update:semver-minor ...  Signed-off-by: dependabot[bot] <support@github.com>
16456,build(deps): bump zizmor from 1.26.1 to 1.28.0 in /dev-tools,https://github.com/apache/lucene/pull/16456,MERGED,1,1,2,14,14,28,60,11300,0,0,582,582.0,582,0,build(deps): bump zizmor from 1.26.1 to 1.28.0 in /dev-tools  Bumps [zizmor](https://github.com/zizmorcore/zizmor) from 1.26.1 to 1.28.0. - [Release notes](https://github.com/zizmorcore/zizmor/releases) - [Changelog](https://github.com/zizmorcore/zizmor/blob/main/docs/release-notes.md) - [Commits](https://github.com/zizmorcore/zizmor/compare/v1.26.1...v1.28.0)  --- updated-dependencies: - dependency-name: zizmor   dependency-version: 1.28.0   dependency-type: direct:development   update-type: version-update:semver-minor ...  Signed-off-by: dependabot[bot] <support@github.com>
16455,build(deps): bump ruff from 0.15.19 to 0.16.0 in /dev-tools,https://github.com/apache/lucene/pull/16455,MERGED,1,2,4,24,22,46,59,8495,2,0,599,299.5,555,1,build(deps): bump ruff from 0.15.19 to 0.16.0 in /dev-tools  Bumps [ruff](https://github.com/astral-sh/ruff) from 0.15.19 to 0.16.0. - [Release notes](https://github.com/astral-sh/ruff/releases) - [Changelog](https://github.com/astral-sh/ruff/blob/main/CHANGELOG.md) - [Commits](https://github.com/astral-sh/ruff/compare/0.15.19...0.16.0)  --- updated-dependencies: - dependency-name: ruff   dependency-version: 0.16.0   dependency-type: direct:production   update-type: version-update:semver-minor ...  Signed-off-by: dependabot[bot] <support@github.com> || build: disable new activated rules with TODO
16454,build(deps): bump holidays from 0.99 to 0.101 in /dev-tools,https://github.com/apache/lucene/pull/16454,MERGED,1,1,1,1,1,2,59,16120,1,0,563,563.0,563,0,build(deps): bump holidays from 0.99 to 0.101 in /dev-tools  Bumps [holidays](https://github.com/vacanza/holidays) from 0.99 to 0.101. - [Release notes](https://github.com/vacanza/holidays/releases) - [Changelog](https://github.com/vacanza/holidays/blob/dev/CHANGES.md) - [Commits](https://github.com/vacanza/holidays/compare/v0.99...v0.101)  --- updated-dependencies: - dependency-name: holidays   dependency-version: '0.101'   dependency-type: direct:production   update-type: version-update:semver-minor ...  Signed-off-by: dependabot[bot] <support@github.com>
16453,ci: bump actions/stale from 10.3.0 to 10.4.0,https://github.com/apache/lucene/pull/16453,MERGED,1,1,1,1,1,2,44,3490,0,0,620,620.0,620,0,ci: bump actions/stale from 10.3.0 to 10.4.0  Bumps [actions/stale](https://github.com/actions/stale) from 10.3.0 to 10.4.0. - [Release notes](https://github.com/actions/stale/releases) - [Changelog](https://github.com/actions/stale/blob/main/CHANGELOG.md) - [Commits](https://github.com/actions/stale/compare/eb5cf3af3ac0a1aa4c9c45633dd1ae542a27a899...1e223db275d687790206a7acac4d1a11bd6fe629)  --- updated-dependencies: - dependency-name: actions/stale   dependency-version: 10.4.0   dependency-type: direct:production   update-type: version-update:semver-minor ...  Signed-off-by: dependabot[bot] <support@github.com>
16452,Fix over-allocation of result bitset in MemoryAccountingBitsetCollectorManager,https://github.com/apache/lucene/pull/16452,MERGED,1,1,4,141,15,156,78,428,1,8,392,392.0,392,2,"Fix over-allocation of result bitset in MemoryAccountingBitsetCollectorManager  Size the reduce() result FixedBitSet to the highest matched doc + 1 instead of the largest maxDocEnd across collectors. The old sizing was inflated to the last visited leaf's docBase+maxDoc even when the query matched only a small subset, and under intra-segment concurrency it could equal the full index maxDoc."
16450,Fix DocValuesRangeIterator doc ID run ends,https://github.com/apache/lucene/pull/16450,MERGED,1,11,8,212,74,286,42,1674,1,8,1326,120.54545454545455,554,6,"Add doc values run end regression tests || Fix doc values run end confirmation || Expand skip block approximation runs || comment || tidy || Simplify run-end logic by dropping match-state tracking  Remove lastMatchingDoc/recordMatch/confirmedDocRunEnd from DocValuesBlockRangeIterator. docIDRunEnd() now returns docID() for all non-YES-run cases (MAYBE, YES_IF_PRESENT, and the ordinal-set path), falling back to the TwoPhaseIterator default of approximation().docID(). YES blocks in BulkBlockRangeIterator still return the full blockIterator.docIDRunEnd(). blockEnd() drops its unused match parameter now that SkipBlockRangeIterator.docIDRunEnd() returns the block boundary for all match types. || Simplify blockEnd() now that docIDRunEnd() returns block boundary for all match types  Previously blockEnd() routed MAYBE blocks through blockIterator.blockEnd() and other blocks through docIDRunEnd(), because docIDRunEnd() returned doc+1 for MAYBE blocks. Now that SkipBlockRangeIterator.docIDRunEnd() always returns at least the block boundary, the two paths collapse to Math.min(upTo, docIDRunEnd()). || tidy || Move regression test into TestDocValuesOrdinalSetIterator  The test exercises the docIDRunEnd() false-positive bug via the production BooleanQuery conjunction path rather than manually wiring DenseConjunctionBulkScorer. || tidy || Add CHANGES.txt entry"
16449,Remove unintended CHANGES.txt entry for #16383,https://github.com/apache/lucene/pull/16449,MERGED,1,1,1,0,2,2,46,171,0,0,46,46.0,46,0,Remove unintended CHANGES.txt entry for #16383
16445,[Backport 10x] Add ASCII fast-path to CharacterUtils.toLowerCase (#16355),https://github.com/apache/lucene/pull/16445,MERGED,1,1,3,207,4,211,73,18,2,0,281,281.0,281,0,Add ASCII fast-path to CharacterUtils.toLowerCase (#16355)  Backport from main to branch_10x. (cherry picked from commit a9eb52b6f8904f4bf47abfc0aa97930f14bb36bc)  Skip codepoint-level Unicode lowering for ASCII-only tokens by using direct arithmetic; 2.16x faster on English text.
16444,[Backport 10x] Add CaseFoldingFilter with flat lookup table (#16371),https://github.com/apache/lucene/pull/16444,MERGED,1,1,18,1114,15,1129,68,18,3,2,607,607.0,607,1,"Add CaseFoldingFilter with flat lookup table (#16371)  Backport from main to branch_10x. (cherry picked from commit ba69bfb1ea9af0bd6ea58f3c8f88ef5e30b09b13)  Add CaseFoldingFilter for Unicode simple case folding without requiring the ICU analysis plugin. Uses a generated switch for fold exceptions with Character.toLowerCase() as the default fallback.  Rename CaseFolding.java to CaseExpansion.java in automaton package. Fix regeneration task naming to integrate with checksum framework.  Adapted for 10.x build system (gradle/generation/ path, wrapWithPersistentChecksums, spotless formatting, ICU 77.1)."
16440,Better failure message from TestSortedDvMultiRangeQuery,https://github.com/apache/lucene/pull/16440,MERGED,1,1,1,97,11,108,55,224,0,0,257,257.0,257,2,"Better failure message from TestSortedDvMultiRangeQuery  This test fails in CI frequently, but the failures do not reproduce on local hardware. Make the failure message more explicit about what has gone wrong to see if we can narrow down where the issue is."
16438,Fix join set degeneration on low-degree nodes (backport),https://github.com/apache/lucene/pull/16438,MERGED,1,1,2,23,2,25,56,23,0,0,772,772.0,772,2,"Fix join set degeneration on low-degree nodes (#16435)  UpdateGraphsUtils#computeJoinSet asked for a coverage of 2 for every node with a degree below 9, including nodes with a degree of 1. Such a node can be covered at most once (only its neighbours can cover it), so the coverage was unsatisfiable and the node always ended up in the join set itself.  On hub-and-spoke shaped graphs, which HNSW produces for 1-dimensional or heavily duplicated vectors, almost all nodes have a degree of 1, so the join set degenerated to the whole graph and merging lost all its savings. Clamp the requested coverage by the node's degree; graphs where all nodes have a degree of 2 or more are unaffected.  Fixes #16251  (cherry picked from commit 5fa57e79659e9dbe76a85f970686c6c1b44566a4)"
16437,Ensure that lucene docs are published after bulk upload,https://github.com/apache/lucene/pull/16437,MERGED,1,1,1,7,0,7,55,327,1,0,384,384.0,384,0,Ensure that lucene docs are published after bulk upload  The apache websites use svnpubsub to publish documentation loaded to the central svn server.  We've occasionally seen new lucene documentation fail to be published due to the size of the change. This adds a new step to the release wizard to make a trivial change to Changes.html and add it as an svn change to force publishing.
16435,Fix join set degeneration on low-degree nodes,https://github.com/apache/lucene/pull/16435,MERGED,1,2,2,23,2,25,45,650,0,0,830,415.0,693,3,"Fix join set degeneration on low-degree nodes  UpdateGraphsUtils#computeJoinSet asked for a coverage of 2 for every node with a degree below 9, including nodes with a degree of 1. Such a node can be covered at most once (only its neighbours can cover it), so the coverage was unsatisfiable and the node always ended up in the join set itself.  On hub-and-spoke shaped graphs, which HNSW produces for 1-dimensional or heavily duplicated vectors, almost all nodes have a degree of 1, so the join set degenerated to the whole graph and merging lost all its savings. Clamp the requested coverage by the node's degree; graphs where all nodes have a degree of 2 or more are unaffected.  Fixes #16251 || Move CHANGES entry to 10.6.0 for backport  The fix is going to be backported to branch_10x, so it will ship in 10.6.0 rather than 11.0.0."
16434,GITHUB#14399: decide index-sort early termination per segment in TopFieldCollector,https://github.com/apache/lucene/pull/16434,MERGED,1,4,6,130,13,143,82,2303,3,6,1605,401.25,963,6,"GITHUB#14399: decide index-sort early termination per segment in TopFieldCollector  TopFieldCollector cached whether the search sort is a prefix of the index sort after inspecting only the first segment. IndexWriter enforces a single index sort per index, but a MultiReader can combine indexes with different index sorts, so the cached decision is wrong for later segments and can drop results that should rank first.  Decide this per segment in each TopFieldLeafCollector instead of caching it. disableSkipping() is added as a default method on LeafFieldComparator and is now called on the per-segment leaf comparators (NumericComparator and TermOrdValComparator drop their competitive iterator) rather than on the shared FieldComparator.  Adds a test over a MultiReader whose two indexes are sorted in opposite directions; it fails before the fix (returns a non-competitive value) and passes after.  Signed-off-by: Serhiy Bzhezytskyy <me@serhiy-bzhezytskyy.com> || GITHUB#14399: drop the merge scheduler from the new test  forceMerge(1) is synchronous, so the scheduler makes no difference here. Removed after checking both directions: 50 randomized iterations pass without it, and it still fails on unmodified main with 'the smallest value (1, trailing docid of leaf B) must win expected:<1> but was:<50>'.  The import stays: the pre-existing test at line 82 uses it.  Signed-off-by: Serhiy Bzhezytskyy <me@serhiy-bzhezytskyy.com> || GITHUB#14399: move the CHANGES entries to 10.6 || GITHUB#14399: the test comments still described the cached decision  Signed-off-by: Serhiy Bzhezytskyy <me@serhiy-bzhezytskyy.com>"
16432,Update CHANGES.txt entry for fp16 vector encoding support,https://github.com/apache/lucene/pull/16432,MERGED,1,1,1,2,2,4,57,238,1,0,116,116.0,116,0,Update CHANGES.txt with fp16 vector encoding support  Added entry for fp16 vector encoding support in the changelog.
16430,deps(java): bump org.apache.opennlp:opennlp-tools from 2.5.10 to 2.5.11,https://github.com/apache/lucene/pull/16430,MERGED,1,2,4,4,4,8,71,9763,0,0,596,298.0,565,0,deps(java): bump org.apache.opennlp:opennlp-tools from 2.5.10 to 2.5.11  Bumps [org.apache.opennlp:opennlp-tools](https://github.com/apache/opennlp) from 2.5.10 to 2.5.11. - [Release notes](https://github.com/apache/opennlp/releases) - [Commits](https://github.com/apache/opennlp/compare/opennlp-2.5.10...opennlp-2.5.11)  --- updated-dependencies: - dependency-name: org.apache.opennlp:opennlp-tools   dependency-version: 2.5.11   dependency-type: direct:production   update-type: version-update:semver-patch ...  Signed-off-by: dependabot[bot] <support@github.com> || Update lock file and checksums.
16428,GlobalOrdinalsWithScoreCollector to accumulate scores in double precision,https://github.com/apache/lucene/pull/16428,MERGED,1,1,2,40,34,74,73,198,1,0,271,271.0,271,1,"GlobalOrdinalsWithScoreCollector to accumulate scores in double precision  Accumulate join Total/Avg scores in double precision in GlobalOrdinalsWithScoreCollector, fixing an intermittent failure caused by non-associative float addition that #16378 missed.  Closes #16408"
16424,Smarter use of sort-field optimizations in DV range queries,https://github.com/apache/lucene/pull/16424,MERGED,1,5,8,744,47,791,59,521,1,2,709,141.8,580,0,"Smarter use of sort-field optimizations in DV range queries  When the primary sort field on a segment contains no values or only a single value, then it is effectively a no-op and range queries against the secondary sort field can make use of the sort-field optimizations usually reserved for queries against the primary.  This adds a helper method, Sort.getPrimarySortField(LeafReader), that tries to identify no-op primary sort fields using index-level stats from FieldInfo or associated DocValuesSkipper entries, and uses it in the various XDocValuesRangeQuery implementations. || tidy || changes || Merge remote-tracking branch 'origin/main' into sort/get-primary-sortfield || Sparse primary sort fields cannot be skipped"
16423,Add (configurable) guards for complexity of expressions,https://github.com/apache/lucene/pull/16423,MERGED,1,5,5,194,8,202,55,2416,3,7,327,65.4,130,1,"Add (configurable) guards for complexity of expressions to fail with ParseException instead of StackOverflowError or LinkageErrors || Raise nesting limit to 1024, add documentation that implicit precedence also counts || Avoid 2nd recursive tree walking by doing it while building classfile || add changes entry || add extra test (on boundary)"
16418,Incremental doc-values updates,https://github.com/apache/lucene/pull/16418,MERGED,1,8,23,2269,63,2332,30,7707,20,16,4054,506.75,717,7,"Add IndexWriterConfig options for incremental DV updates  setIncrementalDocValuesUpdates (default true; opt out for the classic full-column rewrite) and setMaxDocValuesDeltaGenerations (default 16), plus the CHANGES.txt entry. || Add doc-values delta-generation overlay iterators  Format-agnostic read primitive: DocValuesOverlayMerger does a min-heap k-way merge over layered generations (newest wins, base last), driving Overlay{Numeric,Binary}DocValues. Advancing only re-positions the layers sitting on the current doc. Includes unit tests. || Record doc-values overlay generations in SegmentCommitInfo  Store the per-field sparse overlay generations ({baseGen, deltas...}) as first-class SegmentCommitInfo state, serialized in the segments file. A commit carrying an overlay is written at a bumped segments version (VERSION_11_0), so a Lucene version that predates the feature rejects it before any codec runs rather than misreading a delta as the whole column; commits without an overlay stay at the previous version and remain readable by older versions. || Write set-only doc-values updates as sparse deltas  Each flush writes only the updated docs as a sparse delta generation overlaid at read time (via SegmentDocValuesProducer), turning per-update amplification from O(column) into O(updated docs). Deltas fold into one sparse generation past maxDocValuesDeltaGenerations, and fold to a dense column once they cover it or stack on a dense base; removals fall back to the dense rewrite. The overlay generations live on SegmentCommitInfo and are carried over by addIndexes. Threads IndexWriterConfig through ReaderPool to ReadersAndUpdates. || Add incremental doc-values update tests  Randomized set-only updates with reopens and merges, merge-flatten, removal-to-dense fallback, continuing a feature-off index, fold-to-dense, multiple fields, updates interleaved with deletes, sorted index, addIndexes, binary, the skip-index rejection, and the older-reader segments-version fence. The classic delete-unused-files test pins the feature off to keep exercising the dense path. || Add incremental doc-values update benchmark (standalone)  Standalone benchmark (a main, not a JUnit test, run outside the test framework so the JVM is production-like) that applies the same updates three ways - full document reindex, dense column rewrite, sparse delta - over docs carrying a vector, reporting update throughput, bytes written per update against the raw value size, live file and generation count, and an aggregation scan; plus a maxDocValuesDeltaGenerations sweep and optional concurrent query threads. To be removed before merge; here so reviewers can reproduce. || Address review: single knob, unconditional bump  Collapse setIncrementalDocValuesUpdates(boolean) and setMaxDocValuesDeltaGenerations(int) into one setMaxDocValuesOverlays(int) (0 disables, N keeps up to N overlays before a fold), drop the now-unnecessary volatile, and use ""overlay"" not ""generation"" in the public API.  Write the segments version unconditionally: every commit uses VERSION_CURRENT (VERSION_11_0), like past segments-file changes, rather than gating on whether overlays are present. An older Lucene cannot read a newer index anyway (forward-only), so gating the bump bought nothing and it keeps versioning simple. Teach Luke the new version and document the overlay field in the segments-file format. || Fix fold-to-dense degradation over a dense base  Once the deltas first folded to a dense column, the base became a positive generation and foldToDense forced a full-column rewrite on every subsequent fold, degrading write amplification from O(changed docs) to ~O(column)/maxOverlays.  Trigger fold-to-dense on coverage alone (deltas covering at least FOLD_TO_DENSE_COVERAGE_RATIO of the segment, 0.5 for now), regardless of the base, so sparse folds keep working over a dense base. Derive a field's retained update files from the generations its overlay still references, replacing the appendedFields/foldedBaseGens bookkeeping. Add a test that keeps updating past the first fold-to-dense."
16415,Wrap dropped-FP scalar-quantized float values so scoring stays quantized,https://github.com/apache/lucene/pull/16415,MERGED,1,3,3,130,27,157,72,1419,6,5,189,63.0,66,2,Wrap dropped-FP scalar-quantized values so scoring stays quantized || Add test that dropped-FP scalar-quantized scoring stays quantized || Remove normalization step in test case as it is not needed
16412,deps(java): bump junit5 from 6.1.1 to 6.1.2,https://github.com/apache/lucene/pull/16412,MERGED,1,3,20,27,27,54,43,11128,0,0,1776,592.0,1750,2,deps(java): bump junit5 from 6.1.1 to 6.1.2  Bumps `junit5` from 6.1.1 to 6.1.2.  Updates `org.junit.jupiter:junit-jupiter-engine` from 6.1.1 to 6.1.2 - [Release notes](https://github.com/junit-team/junit-framework/releases) - [Commits](https://github.com/junit-team/junit-framework/compare/r6.1.1...r6.1.2)  Updates `org.junit.platform:junit-platform-launcher` from 6.1.1 to 6.1.2 - [Release notes](https://github.com/junit-team/junit-framework/releases) - [Commits](https://github.com/junit-team/junit-framework/compare/r6.1.1...r6.1.2)  Updates `org.junit.platform:junit-platform-testkit` from 6.1.1 to 6.1.2 - [Release notes](https://github.com/junit-team/junit-framework/releases) - [Commits](https://github.com/junit-team/junit-framework/compare/r6.1.1...r6.1.2)  Updates `org.junit.vintage:junit-vintage-engine` from 6.1.1 to 6.1.2 - [Release notes](https://github.com/junit-team/junit-framework/releases) - [Commits](https://github.com/junit-team/junit-framework/compare/r6.1.1...r6.1.2)  --- updated-dependencies: - dependency-name: org.junit.jupiter:junit-jupiter-engine   dependency-version: 6.1.2   dependency-type: direct:production   update-type: version-update:semver-patch - dependency-name: org.junit.platform:junit-platform-launcher   dependency-version: 6.1.2   dependency-type: direct:production   update-type: version-update:semver-patch - dependency-name: org.junit.platform:junit-platform-testkit   dependency-version: 6.1.2   dependency-type: direct:production   update-type: version-update:semver-patch - dependency-name: org.junit.vintage:junit-vintage-engine   dependency-version: 6.1.2   dependency-type: direct:production   update-type: version-update:semver-patch ...  Signed-off-by: dependabot[bot] <support@github.com> || Lockfile. || Update checksums.
16411,GITHUB#12370: early-terminate string sort when field is missing from the whole index,https://github.com/apache/lucene/pull/16411,MERGED,1,3,3,135,2,137,84,1180,6,1,2200,733.3333333333334,1179,4,"GITHUB#12370: early-terminate string sort when field is missing from the whole index  When sorting on a string (SortedSet/SortedDoc) field that does not exist anywhere in the index and the sort has no tie breaker, all documents tie on the missing value. Once the top-N queue is full, a further missing value can no longer compete, so the remaining documents should be skipped instead of fully collected.  TermOrdValComparator only recognized this on the maxOrd side; the ascending minOrd branch hard-coded minOrd=-1 (""missing still competitive""), which tripped the guard that disables skipping. Mirror the singleSort recognition onto the minOrd side, gated on bottomValue==null (a genuine missing value in the queue), which is stronger than bottomOrd==missingOrd and so does not misfire in the sort-missing-first mixed-segment case.  Signed-off-by: Serhiy Bzhezytskyy <me@serhiy-bzhezytskyy.com> || GITHUB#12370: also skip when sort-missing-first fills the queue with missing values  shouldEnableSkipping refused to enable skipping whenever missing values sort best (reverse == sortMissingLast), on the grounds that ""missing values are always competitive, we can never skip"". That holds only while the queue still has room: with no tie breaker, once it is full of missing values a further missing value cannot displace one, and the tail is skippable.  Gated on singleSort, so a sort with a tie breaker is unaffected. Skipping being enabled does not by itself skip anything -- updateCompetitiveIterator still decides when the range is safe -- which is why enabling it unconditionally also passes: the guard states the intent rather than carrying the correctness.  Two tests added for the cases raised in review, both failing before this commit for sort-missing-first and one covering ground the suite had only for numeric fields: a single value shared by every document (already optimized, previously untested for strings), and a field that exists but whose queue fills with missing values.  lucene:core: 8536 tests pass. Mutation-checked: restoring `return false` fails 3 tests. || GITHUB#12370: move the CHANGES entry to 10.6.0 for the backport  Signed-off-by: Serhiy Bzhezytskyy <me@serhiy-bzhezytskyy.com>"
16409,Do not drop strictly competitive boundary candidates in filtered HNSW search,https://github.com/apache/lucene/pull/16409,MERGED,1,2,3,126,4,130,76,1963,1,0,104,52.0,76,0,Do not drop strictly competitive boundary candidates in filtered HNSW search || Add CHANGES entry for #16409
16406,Fix PointInSetQuery#ramBytesUsed to include retained bounds arrays,https://github.com/apache/lucene/pull/16406,MERGED,1,2,3,43,1,44,66,578,1,0,129,64.5,66,2,Fix PointInSetQuery#ramBytesUsed to include retained bounds arrays || Add RamUsageTester cross-check for PointInSetQuery#ramBytesUsed
16404,Fix MultiLeafKnnCollector global heap update bug,https://github.com/apache/lucene/pull/16404,CLOSED,0,753,1612,95208,17912,113120,48,196,0,0,62118,248.472,3335,182,"Decrease TieredMergePolicy's default number of segments per tier to 8. (#14823)  `TieredMergePolicy` currently allows 10 segments per tier. With Lucene being increasingly deployed with separate indexing and search tiers that get updated via segment-based replication, I believe that it would make sense for Lucene to have more aggressive merging defaults, a price that is only paid once on the indexing tier, but that benefits all search nodes that serve queries for this index.  Note that this is still a somewhat conservative default, applications with low latency requirements and low update rates will likely want to go even further, with 4 segments per tier, or even 2.  `BaseMergePolicyTestCase#testSimulateAppendOnly` reports a write amplification increase from 3.4 to 3.8, while `BaseMergePolicyTestCase#testSimulateUpdates` reports a write amplification increase from 4.5 to 4.9. In exchange, the number of segments between the floor and max segment sizes decreases by about 20%.  This should especially help queries that have a high per-segment overhead: PK lookups, point queries, multi-term queries and vector searches. || Fix TestIndexOrDocValuesQuery test failure. || NPE exception could occur in Luke on Windows when using network shares (#14880) || Ignore the top-level build-options.local.properties (main branch build options). || Pre-calculate minRequiredScore to speedup filterCompetitiveHits (#14827)  Co-authored-by: gesong.samuel <gesong.samuel@bytedance.com> || Backport #14797 to 10.x (#14895) || Fix test failures. || Improve test and address more test failures. || build: fix malformed HTML generated by changes2html (#14904)  This `<code>` case causes invalid HTML in two locations of the resulting Changes.html. || Use branchless way to speedup filterCompetitiveHits (#14906)  Co-authored-by: gesong.samuel <gesong.samuel@bytedance.com> || Fix typo in Circle2D.java (#14898) || Deprecate MergeSpecification#segString(Directory) (#14908) || Support for Re-Ranking Queries using Late Interaction Model Multi-Vectors. (#14729) || Backport Faiss-based vector format to 10.x (#14843)  * Backport Faiss-based vector format  * Rebase from main  ---------  Co-authored-by: Kaival Parikh <kaivalp2000@gmail.com> Co-authored-by: Michael McCandless <mikemccand@apache.org> || Revert now, to iterate PR to incorporate Uwe's feedback || assertDocValuesEquals should support sparse sorted doc_values (#14839)  * assertDocValuesEquals should support sparse sorted doc_values  In LuceneTestCase, assertDocValuesEquals compares the doc_values in two indices. For SortedSetDocValues, as well as other doc value types, it does not assume that every document has a value. But for SortedDocValues, it requires that every doc have a value. Remove this restriction.  * add change to CHANGES.txt || Fix TestLateInteractionField.testInputValidation (#14929) || Optimize bitset to array (#14935) || Updating Dense#intoBitSet to properly set upTo  if it exceeds bitset size (#14922) || Address test failure #14948 TestLateInteractionRescorer.testBasic (#14954) || Knn dont filter match all (#14936)  If a given filter is a MatchAllQuery, we shouldn't bother going through the filtered search path. It adds unnecessary overhead through:  building a bitset for filter checking checking a bit set to see if a vector matches a filter || Vectorize `filterCompetitiveHits` (#14896)  Co-authored-by: gesong.samuel <gesong.samuel@bytedance.com> Co-authored-by: Adrien Grand <jpountz@gmail.com> || OptimisticKnnVectorQuery (#14226)  * OptimisticKnnVectorQuery that re-enters search for segments with with strong results  * fix JDK23 lint  * simplify OptimisticKnnVectorQuery to 2 rounds only  * move OptimisticKnnVectorQuery into AbstractKnnVectorQuery  * tidy  * Use TopKnnCollector for second pass so we correctly collect total top K  ---------  Co-authored-by: Michael Sokolov <sokolovm@amazon.com> || CHANGES entry for #14226 (optimistic KNN Query) || Don't perform additional KNN querying after timeout, fixes #14639 || Use per-segment K in filtered KNN fallback logic (fixes 14671) (#14680) || Utilize `docIdRunEnd` on `ReqExclBulkScorer` (#14806) || Revert ""Utilize `docIdRunEnd` on `ReqExclBulkScorer` (#14806)""  This reverts commit 88405648fa6490d2c878047a2c4dec017de13bbb. || Utilize docIDRunEnd on ReqExclBulkScorer (#14976) || Simplify ForDeltaUtil's prefix sum. (#14979)  I remember benchmarking prefix sums quite extensively, and unrolled loops performed significantly better than their rolled on counterpart, both on micro and macro benchmarks:  ```java private static void prefixSum(int[] arr, int len) {   for (int i = 1; i < len; ++i) {     arr[i] += arr[i-1];   } } ```  However, I recently discovered that rewriting the loop this way performs much better, and almost on par with the unrolled variant:  ```java private static void prefixSum(int[] arr, int len) {   int sum = 0;   for (int i = 0; i < len; ++i) {     sum += arr[i];     arr[i] = sum;   } } ``` || Further improve filtering by score. (#14970)  PRs #14906 and #14896 improved the efficiency of filtering by score. This PR tries to get some extra speedup by:  - Skipping filtering by score when applying a non-essential clause that    doesn't have matches over the range of doc IDs being scored.  - Filtering on float[] scores rather than double[] scores whenever applicable    so that vectorization can work on 2x more lanes at once.  - Filtering by score using `VectorUtil#filterByScore` instead of relying on    the collector to do it. || Revert ""Further improve filtering by score. (#14970)""  This reverts commit 65638aeabddd78e2354805258d64cc5a83bd4fd7. || Refactor for loop at PointRangeQuery hot path (#14991)  Co-authored-by: gesong.samuel <gesong.samuel@bytedance.com> || Backport change to improve off-heap byte vector scoring at query time (#15010)  * Improve off-heap byte vector scoring at query time  Cherry-pick of b3f4011292c2e4ffc0e0471e830ccb813c72f44a  * Add CHANGES.txt entry  ---------  Co-authored-by: Kaival Parikh <kaivalp2000@gmail.com> || Add ParentBlockJoinKnnVectorQueryTestCase.testRandom  addresses #15005 || Don't revisit knn query results unless optimistic collection was used; fixes #15005 || flush segments in addIndexes, not in addIndexesReaderMerge; fixes #14994 (#15025) || 10.x: Remove full integrity check from SortingStoredFieldsConsumer (#15032)  Backporting #15001 to the 10.x branch.  In write-heavy scenarios with significant stored field usage, the full integrity check that happens during flushing stored fields to disk when index sorting is active can be very expensive. Instead, rely on the light integrity check that happens in `Lucene90CompressingStoredFieldsReader`.  Note that at some point when newly flushed segments are getting merged, a full integrity check will happen.  Closes #14881 || Only score doc first when minCompetitiveScore is zero (#14856) || Add TestUtil.normalizeToUnitInterval (#15036)  This commit adds a minor utility method, VectorUtil::normalizeToUnitInterval, to avoid copying and pasting the normalising logic for dot product and cosine, as we allow more customisable scorers. || Add a bulk scoring interface to RandomVectorScorer (#14978)  This commit adds a bulk scoring API to RandomVectorScorer. The API accepts a list of ordinals and fills a list of floats with the scores.  Use bulk scoring in the HNSW codec:  In HnswGraphSearcher, buffer all the ordinals resulting from visiting the top candidate for bulk scoring. During exhaustive search, buffer up to 64 ordinals at a time for bulk scoring. This change does not provide a Panama implementation of this method for common vector types as I was not able to write an implementation that yielded non-trivial benefits for most processors, but there are other cases that may benefit from this:  * Native implementations can use hardware specific features like CPU prefetching, matrix multiplication units, or GPUs.  * Implementations that serve out of storage can prefetch vectors into memory using bulk APIs. || Add some basic tests and infra to allow to write small sanity tests for benchmarks (#15035)  This commit adds some basic tests and infra to allow to write small sanity tests for benchmarks.  I'm proposing this since I ran into issues when working on a separate change where this would have been helpful. Additionally, it allows to keep a number of assertions and sanity checks out of the benchmark code itself. || GroupVarInt Encoding Implementation for HNSW Graphs (#14932) || Add bulk off-heap scoring for float32 vectors (#14980)  This commit adds bulk off-heap scoring for float32 vectors.  The bulk scorer scores 4 vectors against the query vector at a time. The general idea is to structure things so that we can somewhat tackle memory latency allowing the CPU to do overlapping memory loads.  Initial results from the micro benchmarks shows good potential improvement. The benchmark creates a flat vector index with 128,000 float32 vectors with 1024 dimensions (~500MB). And times how long it takes to scores 20,000 random vectors against a query vector (lower times are better)  Benchmark                                            (size)  Mode  Cnt  Score   Error  Units VectorScorerFloat32Benchmark.dotProductDefault         1024  avgt   15  8.505 ± 0.256  ms/op VectorScorerFloat32Benchmark.dotProductNewBulkScore    1024  avgt   15  3.717 ± 0.158  ms/op VectorScorerFloat32Benchmark.dotProductNewScorer       1024  avgt   15  7.287 ± 0.181  ms/op Notes:  Note: Just dot product for now, but other distance functions can be added as a follow up. || Fix preview and forbidden API usage in benchmark || MultiIndexMergeScheduler: a production multi-tenant merge scheduler (#15015) || Change default ReadAdvice from RANDOM to NORMAL (#15040)  This commit changes the default ReadAdvice from RANDOM to NORMAL.  After this change MMapDirectory will not set any specific read advice out-of-the-box. Rather there is a straightforward way to enable either previous behaviour ( in 10.2 ), by setting either: 1. dir.setReadAdvice(MMapDirectory.ADVISE_BY_CONTEXT), or 2. setting the system property -Dorg.apache.lucene.store.defaultReadAdvice=RANDOM.  closes #14408 || Removing unused parameter in MemorySegmentIndexInput (#15033)  Signed-off-by: Ankit Jain <jain.ankitk@gmail.com> || Fixing build failure due to unnamed variable (#15047)  Signed-off-by: Ankit Jain <jain.ankitk@gmail.com> || Wraps all iterator with likelyImpactsEnum under BlockMaxConjunctionBulkScorer (#15004) || Revert unneccessary cms change (#15061) || Rework off-heap float32 bulk scoring to reduce garbage creation (#15062)  This commit reworks the off-heap float32 bulk scoring to reduce garbage creation. The JVM fails to optimise things as we'd like, so we can just avoid some of the patterns in the first place!  1. Avoid slicing memory segments: our index input can span over up to 16GB by default, so we can just score a single segment (rather than slicing per scoring operation. 2. The hierarchy to allow scoring against an on-heap and off-heap query does not optimise well, so just flatten this and do the most obvious and straightforward thing - passing and switch on a null array or invalid address offset. || Reduce memory needed for multi-vector tests (#15066) || Add remaining bulk float32 off-heap scoring similarities (#15037)  This commit adds the remaining bulk float32 off-heap scoring similarities, cosine, euclidean, and max inner product.  The changes in #14980 deliberately added only dot product, to avoid additional bloat on the PR and benchmarking. This PR now refactors things a little to allow for the remaining similarities to be added. Benchmarking will be carried out on them independently, as well as consideration for not negatively affecting dot product.  relates #14980 || Minor tweaks to VectorScorerFloat32Benchmark || Reapply ""Update the IOContext rather than the ReadAdvice on IndexInput (#14702)"" (#14844) (#15073)  fixes #15071  Co-authored-by: Simon Cooper <simon.cooper@elastic.co> || Use switch expression for optimized type checks in PointRangeQueryBuilder (#15050)  ---------  Signed-off-by: Sandesh Kumar <sandeshkr419@gmail.com> || Use READONCE to read segment infos (#15074)  This commit uses READONCE to read segment infos.  relates #15068 || Remove merge instance assertions from AssertingKnnVectorsFormat (#15044)  Get byte/float vectors can run at the same time as an open merge instance. This does mean that byte/float accesses at that time use the wrong ReadAdvice on MMapDirectory. This requires further investigation. || Reduce the default RefCountedSharedArena.DEFAULT_MAX_PERMITS to 64 (from 1024) (#15078)  This commit reduces the default RefCountedSharedArena.DEFAULT_MAX_PERMITS to 64 (from 1024). || Remove more merge instance asserts from AssertingKnnVectorsFormat (#15049) || Use DocValuesSkipper for count() in SortedNumericDocValuesRangeQuery (#15080)  If a field has a skipper enabled then we can shortcut counts on range queries where the requested range is entirely outside of the skipper, or if the skipper is fully included within the requested range and there are no documents without a value in the field. || DisjunctionQuery sub-clause iteration should be stable (#14885)  Iterating over the MultiSet of sub-clauses could produce them in different orders on different JVMs.  This caused a bug in the monitor, which relies on the order of  sub-clauses being stable when using query decomposition: a query decomposed and indexed into a QueryIndex by one JVM would then load the incorrect sub-clause as a prospective match when used in a separate process. || Fix static analysis check (#15087)  * simulate upgrade test  * at least mitigate the issue  * change others  * Slightly more stable DMQ order  * PR comments and tests  * update CHANGES.txt  * update CHANGES.txt  * remove non-final static field  * tidy || Rewrite SortedNumericDocValuesRangeQuery using DocValuesSkippers (#15083)  If DocValuesSkippers are enabled on a field, we can check at rewrite time if a range query will match all or none of the documents in all segments, and rewrite to a corresponding MatchAllDocsQuery or MatchNoDocsQuery. || Hunspell suggestions: Cherry-pick latest changes from `main` to `branch_10x` (#15086)  * Hunspell suggestions: Ensure candidate roots are not worse before updating  * Hunspell suggestion: fix bug where outer isWorseCheck was ignored in `GeneratingSuggester`  On top of that: * Remove redundant `isSuggestible` check * Use `dictionary.formStep()` to properly iterate root's forms  * Resolve conflicts and update CHANGES.txt  * Update CHANGES.txt || Improve set deletions percentage javadoc (#12828)  Co-authored-by: Yuan,Xiao <yuanxxx@amazon.com> || Decrease minimum deletes percentage in TMP (#14893) || Fix TestMultiIndexMergeScheduler test decrementing before 0 and falling into int-range loop. (#15098) || Revert ""Fixing build failure due to unnamed variable (#15047)""  This reverts commit 20a189f1c247f2f1916fa278372dd4f49026352a.  Revert ""Removing unused parameter in MemorySegmentIndexInput (#15033)""  This reverts commit 52f18915d888d0245391259dce01098b916d64b6. || Fix the remaining missing SuppressWarnings(""preview"") to silence IDEs like Eclipse. Also remove redundant interface. (#15099) || IndexWriter InfoStream improvements: log elapsed seconds waiting for merges to abort; don't log merge-on-commit when there are no merges to run (#15103) || Fix GroupVIntBenchmark and some tests to actually use DataInput#readGroupVInt; deprecate/remove obsolete long[] code (#15104)  * Fix GroupVIntBenchmark to actually use DataInput#readGroupVInt.  When group-varint was first introduced, it worked on long[], because this was the representation that our postings format used for doc IDs (to be able to do pseudo SIMD when storing two doc IDs in a single long). When postings later moved to int[], group-varint also moved to int[], only preserving the slower implementation for long[] (not letting `DataInput` sub-classes optimize it).  However, `GroupVIntBenchmark` was not updated, so every time that it benchmarks group-varint, it actually runs the naive implementation that decodes into a long[]. This PR fixes this benchmark to use the optimized impls that decode into an int[] instead.  * cleanup field names  * Remove dead code and add deprecated annotation to all code and tests only used by backwards codecs  ---------  Co-authored-by: Uwe Schindler <uschindler@apache.org> || Add AcceptDocs abstraction for accepted KNN docs (#15011)  Co-authored-by: Adrien Grand <jpountz@gmail.com> Co-authored-by: Chris Hegarty <62058229+ChrisHegarty@users.noreply.github.com> || Fix assertion in testSearchWithVisitedLimit (#15075) || Add comment on BooleanScorerSupplier#opt. (#15111) || Fix infinite loop when RefCountedSharedArena's underlying Arena#close fails due to concurrent usage of segments (#15112) || Add optimistic collection to DiversifyingNearestChildren* vector queries  (#15063)  Optimistic knn search addresses a major issue where we return inconsistent results due to race conditions in the shared queue previously used over multi-segment search.  It not only returns consistent results, but is generally better overall when it comes to recall & latency.  This PR refactors the optimistic querying in AbstractKnnVectorQuery so that more sub-queries can take advantage of this logic.  Additionally, this refactors PatienceKnnVectorQuery to better fit this API and utilize the underlying multi-segment search logic.  Here are the results for nested vs. baseline. Note how baseline recall fluctuates, where it is consistent in candidate.  closes: https://github.com/apache/lucene/issues/15059 || Tessellator should fail if it cannot process a hole (#14974)  Tessellator throws an IAE exception if it cannot process a hole. || Add estimatedByteSizes to merges kicked off by IndexWriter.addIndexes(CodecReader[]) (backport of #15120). || Tidy. || Use FixedBitSet#cardinality for counting liveDocs in CheckIndex (#15045) || Early exit while computing globalMin/Max using skipper (#15127)  ---------  Signed-off-by: Ankit Jain <jain.ankitk@gmail.com> || Adding profiling support for concurrent segment search (#14413)  ---------  Signed-off-by: Ankit Jain <jain.ankitk@gmail.com> || Reusing count() for minor refactor in SortedNumericDocValuesRangeQuery (#15123)  --------- Signed-off-by: Ankit Jain <jain.ankitk@gmail.com> || PostingsDecodingUtil: interchange loops to enable better memory access and SIMD vectorisation (#15110) || Backport of #15116: Rewrite of the GroupVInt optimization without lambdas, varhandles and no code in subclasses (#15138)  * Backport of:  Revision: ebfd863ac728f9abfcaa42fec7fce90b62900df5 Author: Uwe Schindler <uschindler@apache.org> Date: 25.08.2025 22:58:28 Message: Rewrite of the GroupVInt optimization without lambdas, varhandles and no code in subclasses (#15116)  * Rewrite of the GroupVInt optimization without lamdas, varhandles and no code in subclasses  * Remove optimized flag and duplicate code  * apply suggestions/fixes: fix maximum size; cleanup baseline method and hide internal details  * Apply suggestions from code review  Co-authored-by: Adrien Grand <jpountz@gmail.com>  * add CHANGES.txt  * more docs and a visibility change for previously public method  ---------  Co-authored-by: Adrien Grand <jpountz@gmail.com> || Fix @jpountz review comment after merge || Refactor for loop at PointRangeQuery hot path (#14991)  Co-authored-by: gesong.samuel <gesong.samuel@bytedance.com> || Better vectorize score computations. (#15039)  Existing auto-vectorization of scores is a bit fragile since it relies on `SimScorer#score` being inlined in the for loops where it is called. This is currently the case in nightly benchmarks, but may not be the case in the real world where more implementations of `SimScorer` may be used, in particular those from `FeatureField`.  Furthermore, existing auto-vectorization has some room for improvement as @gf2121 highlighted at https://github.com/apache/lucene/pull/14679#discussion_r2093432298. || feat: implement asBulkSimScorer on FeatureFields's SimScorers (#15137) || remove duplicate CHANGES entry || Add next minor version 10.4.0 || Adding 3-ary LongHeap to speed up collectors like TopDoc*Collectors (#15140) || Remove unused parameter in TopFieldCollecter.countHit() (#15150)  Signed-off-by: Binlong Gao <gbinlong@amazon.com> || [BlockJoin] Add ParentsChildrenBlockJoinQuery (#14728)  Add ParentsChildrenBlockJoinQuery to support parent and child docs filtering in one pass.  Note that this query type will not work with intrasegment concurrency, as it may split a block, leading to overcollection of child documents.  ---------  Co-authored-by: jinnyw <jinnyw@uber.com> || Correct test TestParentsChildrenBlockJoinQuery.testExplain (#15042) || Added toString() method to BytesRefBuilder (#14676)  --------- Co-authored-by: Shubham Sharma <shubharm@amazon.com> || Fix build || Update assert in kNN query timeout test (#15153) || Add bulk-retrieval API to NumericDocValues. (#15149)  Lucene recently got very good performance improvements by introducing APIs that apply to batches of doc IDs at once: `DocIdSetIterator#intoBitSet`, `PostingsEnum#nextPostings`, `Scorer#nextDocsAndScores` and `SimScorer#score`. This helps better amortize the cost of virtual function calls across many doc IDs, and also apply additional optimizations, e.g. it's more efficient to bulk-iterate set bits in a `FixedBitSet` than to iterate them one-by-one via `FixedBitSet#nextSetBit`.  This PR introduces bulk retrieval for numeric doc values. It is currently only implemented on norms and used to retrieve norms for doc IDs to score, but I tried to design the API in a way that also works for numeric doc values and is sustainable. Specifically, I'm thinking that optimizing the single-valued and dense case should go a very long way, so I did not try to help users retrieve information about which docs have a value or not. In some cases, this is not even needed. E.g. if you want to compute the sum of the values of a field, returning 0 for docs that don't have a value is good. In the event when knowing which docs have a value is important (such as Lucene's `HistogramCollector`), it is still possible to optimize the case when there are long runs of docs with a value with something like below:  ```java void doSomethingWith(int size, int[] docs, NumericDocValues values) {   if (size > 0 && values.advanceExact(docs[0]) && values.docIDRunEnd() &gt; docs[size - 1]) {     long[] longValues = new long[size];     values.longValues(size, docs, longValues);     // do something with the `longValues` array   } else {     // use #advanceExact / #longValue directly     for (int i = 0; i < size; i++) {       if (values.advanceExact(docs[i])) {         // do something with values#longValue       } else {         // handle the case when docs don't have a value       }     }   } } ``` || Speed up flushing of live docs. (#14998)  This uses `Bits#applyMask` (introduced in #14134) to speed up flushing live docs, instead of checking bits one by one. || [10x] Support JDK 25 in Panama Vectorization Provider (#15158)  This commit updates the Vectorization Provider to support JDK 25. The API has not changed so the changes minimally bump the major JDK check, and enable the incubating API during testing. || Add support for uint8 distance comparison (#15148)  Add distance functions that treat `byte[]` as unsigned and use them in `ScalarQuantizer` code paths. `ScalarQuantizer` assumes that all math will be unsigned but this can't be true when all 8 bits of a `byte` are used. In all cases where this is used values are widened to `short` or `int` before any operations occur so we can perform unsigned widening instead.  Fixes are required in a few other places to support unsigned extension, in particular this is required when recalculating the vector offset as part of merging.  This will be useful for supporting 8 bit OSQ in #15064 || Optimize a bit two more prefix sums. (#15156)  This applies the same change as #14979 to two more prefix sums. I was not able to measure speedups (or slowdowns) with luceneutil, but I think it's still better to write our prefix sums this way. || Simplify MaxScoreBulkScorer. (#15141)  After recent optimizations, the cases when we effectively evaluate a disjunctive query `apache OR lucene` as either `+apache +lucene` (two required clauses) or `apache +lucene` (one required clause, one optional clause) have converged a bit, and can be simplified. || Use the bulk SimScorer#score API to compute impact scores. (#15151)  In #15039 we introduced a bulk `SimScorer#score` API and used it to compute scores with the leading conjunctive clause and ""essential"" clauses of disjunctive queries. With this PR, we are now also using this bulk API when translating (term frequency, length normalization factor) pairs into the maximum possible score that a block of postings may produce.  To do it right, I had to change the impacts API to no longer return a List of (term freq, norm) pairs, but instead two parallel arrays of term frequencies and norms that could (almost) directly be passed to the `SimScorer#score` bulk API. Unfortunately this makes the change quite big since many backward formats had to be touched.  Co-authored-by: Guo Feng <52390227+gf2121@users.noreply.github.com> ||  Optimize PForUtil.encode() with histogram-based bit selection (#15165) || integrate into new bulk scorers (#15021)  Return a little extra information from the bulkScore() as this will allow callers to skip results that are below the minimum similarity needed to appear in the result set. Utilize this in hnsw and exhaustive search to skip any topN heap manipulation for any bulk scored batches that do not meet the minimum score.  See #14013 || Bump block size of postings to 256. (#15160)  With recent changes that vectorized query evaluation, Lucene could further improve CPU efficiency by bumping the block size. This reduces the likelihood of skipping blocks of postings in exchange for better CPU efficiency when processing blocks of postings. So in theory this helps the harder queries (the ones that can't skip much) and may hurt a bit the easier queries.  The optimization for prefix sums that computes the sum on partially decoded data is less applicable since the introduction of the bitset encoding and with 2x bigger blocks, so it has been removed: delta-coded blocks get fully decoded before their prefix sum is computed. || Use TernaryLongHeap in NeighborQueue for better HNSW performance (#15163) || Add bulk scoring option to VectorScorer interface (#15171)  Now that we have bulk scoring for our RandomScorer's, let's enable it for our VectorScorer interface.   I only implemented it for float32 right now, as that is the only place where we are actually doing bulk scoring. But once the interface is in place, I imagine it can be easily implemented elsewhere.  This shows a marginal performance improvement:  baseline ``` recall  latency(ms)  netCPU  avgCpuCount     nDoc  topK  fanout  maxConn  beamWidth  quantized  index(s)  index_docs/s  force_merge(s)  num_segments  index_size(MB)  vec_disk(MB)  vec_RAM(MB)  indexType  1.000        0.880   0.760        0.864  1000000   500     550       16        100         no      0.00      Infinity            0.06             0            0.00         0.000        0.000       HNSW ``` candidate: ``` recall  latency(ms)  netCPU  avgCpuCount     nDoc  topK  fanout  maxConn  beamWidth  quantized  index(s)  index_docs/s  force_merge(s)  num_segments  index_size(MB)  vec_disk(MB)  vec_RAM(MB)  indexType  1.000        0.780   0.640        0.821  1000000   500     550       16        100         no      0.00      Infinity            0.06             0            0.00         0.000        0.000       HNSW ``` || optimise prefix sums in Lucene104PostingsReader (#15175) || Help collectors take advantage of bulk-retrieval of doc values. (#15173)  We added `NumericDocValues#longValues` to retrieve multiple values in a single call and better amortize the cost of virtual function calls in #15149. But it's not easy today to take advantage of this API in collectors, the best option is to buffer doc IDs in `LeafCollector#collect`, but then it's not great since this `LeafCollector#collect` call itself may be virtual, so we may still be doing 1+ virtual call per collected doc.  This PR adds `DocIdStream#intoArray` to help collectors collect batches of doc IDs at once and retrieve numeric doc values for them. This way, you can compute facets/aggregations with less than one virtual call per collected document.  I benchmarked on the geonames dataset, computing the average of the elevation field with the following collector:  ```java class AverageCollector implements Collector {    long sum;   int count;    @Override   public LeafCollector getLeafCollector(LeafReaderContext context) throws IOException {     SortedNumericDocValues sortedValues = context.reader().getSortedNumericDocValues(""elevation"");     if (sortedValues == null) {       throw new CollectionTerminatedException();     }     NumericDocValues values = DocValues.unwrapSingleton(sortedValues);     if (values == null) { // the field is single-valued       throw new Error();     }     return new LeafCollector() {        int[] docBuffer = new int[64];       long[] valueBuffer = new long[docBuffer.length];        @Override       public void setScorer(Scorable scorer) throws IOException {        }        @Override       public void collect(DocIdStream stream) throws IOException {         for (int count = stream.intoArray(docBuffer); count != 0; count = stream.intoArray(docBuffer)) {           values.longValues(count, docBuffer, valueBuffer, Long.MIN_VALUE);            for (int i = 0; i < count; ++i) {             long v = valueBuffer[i];             sum += v;             if (v != Long.MIN_VALUE) {               AverageCollector.this.count++;             }           }         }       }        @Override       public void collect(int doc) throws IOException {         if (values.advanceExact(doc)) {           sum += values.longValue();           count += 1;         }       }     };   }    @Override   public ScoreMode scoreMode() {     return ScoreMode.COMPLETE_NO_SCORES;   }  } ```  The benchmark runs a few queries with different collectors first, so that `LeafCollector#collect` is polymorphic. I get the following numbers:  | Query |  | Latency without DocIdStream#intoArray (ms) | Latency with DocIdStream#intoArray (ms) | | - | - | - | - | | `MatchAllDocsQuery` | Uses `RangeDocIdStream` under the hood | 81 | 65 | | `featureClass:(S P)` | Matches spots or cities (5M docs), uses `BitSetDocIdStream` under the hood | 54 | 43 |  Note that `NumericDocValues#advanceExact` and `NumericDocValues#longValue` are not polymorphic in this benchmark since all segments use the same impl on the `elevation` field. The difference would be bigger if they were.  My profiler suggests that retrieving doc values is the bottleneck when computing the average on a `MatchAllDocsQuery`, while the bottleneck is a mix of retrieving doc values and extracting set bits from the bit set when computing the average on `featureClass:(S P)`. || Adds new simplified rescorer API to [Float|Byte]VectorValues (#15176)  Rescoring against a vector field should be simple and allow for lower level bulk scoring optimizations (e.g. scoring floating point values off heap, possibly bulk prefetching, etc.).  However, the current API always returns a scorer against the fastest fidelity vectors, not the most accurate.  This commit adds a new method to the vector-value classes that is specifically a `rescorer`, that allows scoring optimizations (including bulk scoring when possible) to take place. || Fixing CHANGES for #15171 and #15176 || fix off by one (#15183) || DOAP changes for release 10.3.0 || Add back-compat indices for 10.3.0 || Implement off-heap quantized scoring (#14863)  Off-heap scoring for quantized vectors! Related to #13515  This scorer is in-line with [`Lucene99MemorySegmentFlatVectorsScorer`](https://github.com/apache/lucene/blob/77f0d1f6d6762ca6ac9af5acc0c950365050d939/lucene/core/src/java24/org/apache/lucene/internal/vectorization/Lucene99MemorySegmentFlatVectorsScorer.java#L30), and will automatically be used with [`PanamaVectorizationProvider`](https://github.com/apache/lucene/blob/77f0d1f6d6762ca6ac9af5acc0c950365050d939/lucene/core/src/java24/org/apache/lucene/internal/vectorization/PanamaVectorizationProvider.java#L30C13-L30C40) (i.e. on adding `jdk.incubator.vector`). Note that the computations are already vectorized, but we're avoiding the unnecessary copy to heap here..  I added off-heap Dot Product functions for two compressed 4-bit ints (i.e. no need to ""decompress"" them) -- I can try to come up with similar ones for Euclidean if this approach seems fine.. || Add a new codec to implement OSQ for 4 and 8 bit quantized vectors (#15169)  Unlike the existing ScalarQuantizer selects a mode based on an enum to quantize to unsigned bytes or packed nibbles using the same packing scheme as the existing scalar quantized codec. Seven bits is also supported for anyone interested in backward compatibility, but this setting is discouraged.  This is separate from Lucene102BinaryQuantizedVectorsFormat as we need a larger value to store the component sum for each vector owing to larger quantized values.  This closes #15064  ---------  Co-authored-by: Benjamin Trent <ben.w.trent@gmail.com> || Fix build issues introduced in backport 07033dcd84ccbbcf13bc3a81a6430445d2e4d3fa || Refactoring HNSWGraphBuilder's API and adding more comments about concurrency (#15184) || [Tessellator] Fix failure due to hole bridge being coplanar with polygon edge. (#15211)  The fix changes the strategy for removing co-planar points to do it once after all holes are removed  instead of doing it for each removed hole. || Don't normalize centroids with zero samples. Fixes #15209 (#15213) || undo spurious changelog entry || Revert ""undo spurious changelog entry"" LOL  This reverts commit 2c29db0010985cd19dd59cfd6041576ab52fde12. || Refactor FirstPassGroupingCollector to improve readability. (#15136) (#15168)  ---------  Co-authored-by: Ankit Jain <jainankitk@apache.org> || Disabling point range collector if doc values not indexed (#14559)  --------- Signed-off-by: Ankit Jain <jain.ankitk@gmail.com> || Specify deltas when checking float values for corrections in Lucene102BinaryQuantizedVectorsFormat (#15222) || Move legacy scalar formats to backwards_codecs (#15223)  Slowly moving the legacy formats to the backwards codecs.  I have most of the logic moved, but there are additional things to figure out.  I don't think we can easily move the Lucene99ScalarQuantizedVectorScorer just yet, but we should be able to prevent users from using the old quantized formats. || Remove unused method which does unsafe XML parsing (#15234) || Fix SmartChinese to only deserialize data from classpath with a native array filter applied and never cache dictionaries from custom locations (#15237)  * Fix SmartChinese to only serialize data from classpath with a native array filter applied and never cache dictionaries from custom locations  * fix exception handling  * add CHANGES.txt  * fix exception handling  * fix typo in CHANGES.txt  * Restore the code to regenerate the serialized file  * Disallow any serialization in test-framework as early as possible (we can't do that via sysprops due to Gradle)  * Install a serialization filter that only allows Gradle's test runner config deserialization  * fix errorprone  * use same logic like for security manager to install the filter  * add new filter to CHANGES.txt  * Improve performance by only installing a filter if we're not called from Gradle  * simplify  * Add a test for the deserialization filter  * fix typo  * improve test # Conflicts: #	build-tools/build-infra/src/main/java/org/apache/lucene/gradle/plugins/java/TestsAndRandomizationPlugin.java #	lucene/analysis/smartcn/src/java/org/apache/lucene/analysis/cn/smart/hhmm/WordDictionary.java || Add permission changes to changes entry (#15237) || DOAP changes for release 9.12.3 || Add bugfix version 9.12.3 || Add back-compat indices for 9.12.3 || Clarify error message in BackwardsCompatibilityTestBase and fix resource leak in existence check (#15248) || Fix backcompat tests. (#15255) || Backport: Upgrade forbiddenapis to 3.10 || DOAP changes for release 10.3.1 || FirstPassGroupingCollector supports ignoring docs without group field (#15167)  Resolves a TODO in FirstPassGroupingCollector by introducing a new parameter  ignoreDocsWithoutGroupField. If true, we ignore documents that don't have  the group field instead of putting them into a null group. || Add bugfix version 10.3.1 || Add back-compat indices for 10.3.1 || Use appropriate return type for byte vector specific cosineBody* functions (backport #15293) (#15298)  (cherry picked from commit 5249ab91f4b9198ffb01bddefb9b1148f3d23b6a)  Co-authored-by: Kaival Parikh <kaivalp2000@gmail.com> || Prevent zero radius in BaseXYPointTestCase (#15315)  Fixes some spurious CI failures. || Avoid static dependency from TermsEnum to one of its subclasses (#15319)  Fixes a potential hang with initialisation of TermsEnum and BaseTermsEnum, by simply removing the dependency and replicating the small amount of code.  Problem description: the static TermsEnum.EMPTY initialises to an implementation of BaseTermsEnum. TermsEnum is a superclass of BaseTermsEnum, so there is a clear dependency between these classes. If a subclass of BaseTermsEnum is initialising it may grab the lock on BaseTermsEnum, and prevent TermsEnum from initialising.  ---------  Co-authored-by: Robert Muir <rmuir@apache.org> || Use BulkSimScorer on MultiNormsLeafSimScorer (#15101) || Implement `longValues` for `MultiFieldNormValues` to speedup CombinedQuery (#15261) || Fix test failure in TestSoftDeletesDirectoryReaderWrapper on expected number of deletes (#14057)  Signed-off-by: Craig Perkins <cwperx@amazon.com> || Applied  lucene.bug.VectorSimilarityFunction.doubleVal.patch.txt (#15329) || Manually sync up changes.txt with main. || Add PhraseQuery.Builder.setMaxTerms() method to limit the maximum number of terms and excessive memory use (#15332)  * perf: Added configurable limit for PhraseQuery#builder terms to solve the problem of excessive memory usage in ultra-long text search case  * perf: Added configurable term threshold for PhraseQuery#Builder to solve the problem of excessive memory usage in ultra-long text search case  * perf: Added configurable term threshold for PhraseQuery#Builder to solve the problem of excessive memory usage in ultra-long text search case  * perf: Added configurable term threshold for PhraseQuery#Builder to solve the problem of excessive memory usage in ultra-long text search case  * add changes entry  * Add PhraseQuery.Builder.setMaxTerms() method to limit the maximum number of terms and excessive memory use.  * Optimizing test cases：testPhraseQueryMaxTerms#testPhraseQueryTermLimit  ---------  Co-authored-by: nickyulin <nickyulin@tencent.com> || Fix potential NPE for KnnVectorQuery (#15334)  * Fix potential NPE for KnnVectorQuery  * adding test  * removing unused test code || Use cached cardinality for AcceptDocs cost (#15343)  * Use cached cardinality for AcceptDocs cost  * adding changes || Make some ScalarQuantizedVectorsReader classes public (#15351) || Bypass HNSW graph building for tiny segments (#14963)  This change avoids creating a HNSW graph if the segment is small (here we have taken the thresholdfor number of vectors  as `10000` based on the conversation [here](https://github.com/apache/lucene/issues/13447#issuecomment-3004565232) for now).  Some of the points I'm not sure how we would want to go about : - All the tests passes currently since the option to enable the optimization is `false` by default but setting it to `true` reveals some failing unit tests which inherently assumes that the HNSW graph is created and KNN search is triggered (do we have some idea of how to bypass those in some good clean way?) - I understand we might want to always keep this optimization on (also less invasive change), but for now in this PR, I made it configurable and enabled it on the KNN format - just to be cautious (wasn't sure if it would not affect back-compact in some unknown way), but happy to make it as default behaviour || Merge branch 'branch_10x' of github.com:apache/lucene into branch_10x || Moves the 102 legacy binary formats to backwards codecs (#15353)  Users should utilize the new 104 scalar quantization format with the asymmetric quantization encoding.  When migrating to the new format, the main change will be instead of using `new Lucene102HnswBinaryQuantizedVectorsFormat()`, user's should use `new Lucene104HnswScalarQuantizedVectorsFormat(ScalarEncoding.SINGLE_BIT_QUERY_NIBBLE, DEFAULT_MAX_CONN, DEFAULT_BEAM_WIDTH, DEFAULT_NUM_MERGE_WORKER, null, HNSW_GRAPH_THRESHOLD)` || Add checkDimension check to Lucene104ScalarQuantizedVectorScorer#getRandomVectorScorer (#15359) || Tidy up Lucene104ScalarQuantizedVectorsWriter (#15357) || Utilize iterator and not approximation in MaxScoreBulkScorer (#15380)  * Utilize iterator and not approximation in MaxScoreBulkScorer  * CHANGES  * add assert on verifiedMatches  * adjust assertion  * adding some random approx query wrapping  * iter || Return MergeObserver from IndexWriter.forceMergeDeletes() (#15378)  Return MergeObserver from IndexWriter.forceMergeDeletes()  IndexWriter.forceMergeDeletes() now returns MergePolicy.MergeObserver instead of void, allowing applications to monitor merge progress and wait for completion. Addresses (#14515). || Extend Lucene104ScalarQuantization format to support quant asymmetry (#15271)  * Extend Lucene104ScalarQuantization format to suppor quant asymmetry  * fixing discrete dimension calculations  * iter removing debug annotation  * iter  * iter  * fixing bugs  * addressing PR comments  * changes  * removing unnecessary comment || [backport] NumericComparator: immediately check whether a segment is competitive with the recorded bottom (#15410)  Backporting #15397 to branch_10x branch.  When construction a new CompetitiveDISIBuilder, then check whether global min/max points or global min/max doc values skipper are comparative with the bottom. If so, then update competitiveIterator with an empty iterator, because no documents will have a value that is competitive with the current recorded bottom in the current segment.  Doing this at CompetitiveDISIBuilder construction is cheap and allows to immediately prune, instead of waiting until doUpdateCompetitiveIterator(...) is invoked. || Put sensible bounds on quantized scores (#15411)  Loss from quantization can yield some unexpected values from the corrected dot product, sometimes producing values that are out-of-bounds. This is more likely when the inputs are ""extreme"" in the sense that they are very far from the segment-level centroid.  Bound euclidean distance to a non-negative value -- negative values do not make any sense. Clamp dot product/cosine score to [-1,1] as the normalized dot product should always return values in this range. This works well enough for 4+ bit quantization but may not work as well for 1-bit quantization since the loss is so great.  Fix the testSingleVectorCase to l2 normalize all vectors for DOT_PRODUCT similarity.  This is a partial fix for #15408 || Add fallback support to Lucene104ScalarQuantizedVectorsFormat getFloatVectorValues when there are no full-precision vectors present (#15415)  * Add fallback support to Lucene104ScalarQuantizedVectorsFormat.getFloatVectorValues when there are no full-precision vectors present  * Removed some unused params and tidy changes  * Added entry in Changes.txt  * Added name in Changes.txt log  * Addressed comments  * Renamed function params  ---------  Co-authored-by: Pulkit Gupta <pullkit@amazon.com> || Adjusting PR #15415 for backport || Fix silly inefficiencies in HnswGraph.NodesIterator implementation (#15425) || Speed up NumericUtils#{subtract,add} (#15303) || DOAP changes for release 10.3.2 || Add bugfix version 10.3.2 || Add back-compat indices for 10.3.2 || Fix flaky TestParentsChildrenBlockJoinQuery (#15435)  These tests assumed that merges would preserve document order across segments. Using some form of LogMergePolicy ensures that's true.  (cherry picked from commit 3e8c8797476416d1773241530abd43098bf366ed) || Add method in DirectWriter to compute how many bytes are written for encoding a number of values using a number of bits per value. (#15422) || Make MergingHnswGraphBuilder stable; fixes #15438 || Adding support for passing an ExecutorService into DirectoryReader.open() to enable concurrent segment reader initialization (#15445) || Implement sparse LiveDocs to reduce memory by up to 8x (#15413) || Backport #14607 to branch_10x (Index open performs version check on each segment, ignores indexCreatedVersionMajor) (#15431) || TestVectorUtilSupport increase delta for larger vector sizes (#15443)  (cherry picked from commit 311c0a815248885684a4c6d9d915e5ce8f93868d) || Avoid reconstructing HNSW graphs during segment merging. (#15003)  optimizes HNSW graph merging. Now instead of not considering a large graph to merge into, deleted nodes are removed and the related connections are repaired. Additionally, nodes might be promoted to higher levels to account for loss of connectivity at higher layers.  Especially in singleton merges, this improves throughput significantly. || Improve round trip conversion of ValueSource <-> DoublesValueSource (#15406)  (cherry picked from commit ba277acb0f3eb00c0c64e40f2b4ed205d3a1ae22) || Enabling wrapped collectors in MultiCollector to collectRange (#15475)  Signed-off-by: Ankit Jain <jainankitk@apache.org> || Skip heavy TreeSet opts for the first group in FirstPassGroupingCollector (#15128)  * Skip heavy TreeSet opts for first/last group in FirstPassGroupingCollector  Signed-off-by: Binlong Gao <gbinlong@amazon.com>  * Add change log  Signed-off-by: Binlong Gao <gbinlong@amazon.com>  * Only skip remove/add for first group  Signed-off-by: Binlong Gao <gbinlong@amazon.com>  * Modify change log  Signed-off-by: Binlong Gao <gbinlong@amazon.com>  * Merge two if condition  Signed-off-by: Binlong Gao <gbinlong@amazon.com>  * Modify change log  Signed-off-by: Binlong Gao <gbinlong@amazon.com>  ---------  Signed-off-by: Binlong Gao <gbinlong@amazon.com> || Make field, type and reverse fields on SortField immutable (#15481) || Speed up TestNumericComparator (#15484) || Add a public NumericDocValuesRangeQuery class (#15479)  SortedNumericDocValuesRangeQuery and IndexSortSortedNumericDocValuesRangeQuery both implement queries over ranges of numeric doc values, but they cannot be easily introspected. This commit adds a common base class which exposes the field, lowerValue and upperValue of the query. || Deprecate SortField.setMissingValue() (#15483)  Placeholder values for SortFields are set via setMissingValue(), after construction, which means that they are inherently mutable. This commit deprecates setMissingValue() and instead adds constructor parameters for missing values. || Fix testGraphMergeWithDeletes test case to have atleast one vector (#15487)  Co-authored-by: Pulkit Gupta <pullkit@amazon.com> || Use bulk scoring new osq (#15474)  * Switch to new bulk scorer in new osq format  * refactoring bulk scorer impl a bit  * changes  * remove unnecessary transformation  * iter || Add `@SuppressAssertingFormats` annotation for fine-grained control over `AssertingCodec` formats (#15468)  * Add support for SuppressedFormats  Signed-off-by: Prudhvi Godithi <pgodithi@amazon.com>  * Fix assertions  Signed-off-by: Prudhvi Godithi <pgodithi@amazon.com>  * Add support for SuppressedFormats  Signed-off-by: Prudhvi Godithi <pgodithi@amazon.com>  * Code cleanup  Signed-off-by: Prudhvi Godithi <pgodithi@amazon.com>  * Update changes.txt  Signed-off-by: Prudhvi Godithi <pgodithi@amazon.com>  * Use enum for supress formats  Signed-off-by: Prudhvi Godithi <pgodithi@amazon.com>  ---------  Signed-off-by: Prudhvi Godithi <pgodithi@amazon.com> || Revert ""Add `@SuppressAssertingFormats` annotation for fine-grained control over `AssertingCodec` formats (#15468)""  This reverts commit 2e1e50a351a29f021dadf006f74b49fe44162550. || Remove unused bytesComparator field from SortField (#15488) || Correctly read missingValue from index sort metadata || Check node existence before making reverse link in HNSW graph indexing (#15478) || Support `@SuppressAssertingFormats` (#15490)  * Support SuppressAssertingFormats  Signed-off-by: Prudhvi Godithi <pgodithi@amazon.com>  * Moved suppressed formats under AssertingCodec's constructor; initialized depending on the target class from RandomizedContext.  * Remove unused field.  * Remove unused import.  ---------  Signed-off-by: Prudhvi Godithi <pgodithi@amazon.com> Co-authored-by: Dawid Weiss <dawid.weiss@carrotsearch.com> || Backport to pre-java25 #15490 || Use shallowSizeOfInstance instead of shallowSizeOf (#15048) || Corrects the VectorScorer.Bulk interface to be iterator friendly (#15496)  * Corrects the VectorScorer.Bulk interface to be iterator friendly  * CHANGES  * iter  * iter || MatchAllDocs and MatchNoDocs should be singletons (#15499)  * Add singleton instances to MatchAllDocsQuery and MatchNoDocsQuery.  * Follow-up cleanup.  * Add changes and migration entries.  * It's INSTANCE, not SINGLETON.  * Moving changes entry to 10.4.0. || Introduce optional access to backing vector values from the scorer (#15501)  This commit Introduces optional access to backing vector values from the scorer. This can be useful for potential optimisations which can then retrieve the index input slide from the scorer. || Use vector bulk scoring in entry-point and filter hnsw search (#15500)  We currently use the bulk scoring interface on the lowest HNSW level, but there isn't any technical reason why we cannot use bulk scoring on higher levels to find the entry point. For highly connected graphs with many levels, this could provide a small speed improvement.  Additionally, I noticed that we were not doing bulk scoring when using the Filtered hnsw searcher. Again, we should be using bulk scoring even when using the filter optimized HNSW scorer. || ExitableDirectoryReader should not cover-up singletons (#15498) || Correct documentation in DefaultBloomFilterFactory to reflect changes in GH#11900 (#15513) || Fix map size in CustomAnalyzer#paramsToMap. (#14770) || Use HashMap#newHashMap and HashSet#newHashSet instead of CollectionUtil#newHashMap and CollectionUtil#newHashSet. (#15517). But keep CollectionUtil's methods as deprecated. || Refactor DocValuesSkipper stat methods to accept IndexReader instead of IndexSearcher (#15514) || Dynamic pruning for SORTED(_SET) fields with doc values skipper (#15511) || Updating createMultiSegmentIndex to utilize an explicit NoMergePolicy (#15523) || Align float vectors on disk for optimal performance on ARM CPUs (#15341)  Align float vectors on disk to 64 bytes for optimal performance on some ARM CPUs (like AWS Graviton), which incur a performance penalty for SIMD operations on float vectors that are not aligned to this boundary. This alignment is also maintained for vectors within CFS files.  Only the start of vectors are aligned to this boundary, so there may be a performance penalty if the number of dimensions is not a multiple of 16 (equivalent to 64 bytes), because the alignment will not hold for all subsequent vectors. || Deprecate some public FuzzySet methods ahead of removing them in a future release (#15559) || Expose MergeRateLimiter in runOnMergeFinished hook (#15507)  * Expose MergeRateLimiter in runOnMergeFinished hook  Changes runOnMergeFinished method signature in ConcurrentMergeScheduler to provide access to OneMerge and MergeRateLimiter parameters. This allows applications to monitor merge performance metrics like pause time, throttling behavior, and throughput.  - Changed runOnMergeFinished from package-private to protected - Added OneMerge merge parameter for merge context - Added MergeRateLimiter rateLimiter parameter for metrics access  This enables custom monitoring and observability for merge operations without requiring internal API access.  * Fomat code  * Include Javadocs for runOnMergeFinished  * Add @lucene.experimental to the API javadocs  * Add an entry to CHANGES.txt  ---------  Co-authored-by: Zihan Xu <zanorz@amazon.com> Co-authored-by: Michael McCandless <mikemccand@apache.org> || Fix FuzzySet#createSetBasedOnMaxMemory to honor bytes not bits (#14616) || Add post-collection facets support to the new faceting API (#15518) || test: mark horribly slow tests with @Nightly (#15563)  Co-authored-by: Robert Muir <rmuir@apache.org> || Sync github workflow changes with the main branch (#15566)  * Sync github workflow changes with the main branch.  * Correct incorrect whitespace.  * Add gradle-script sanity checking block.  * Downgrade min java for gradle tests.  * Pass tests.workDir explicitly because build-options.local.properties are only on main.  * Tweak kuromoji's source URL. || Two bit quantization for dense vectors (#15564)  * Adding 2bit (dibit) support for scalar quantization  * formatting, removing a bunch of unnecessary comments  * adding back assert  * iter || Disallow invalid offset 0 for LZ4 decompression (#15570) || Allow a DataAccessHint to be passed during the construction of a Lucene99FlatVectorsReader (#15569)  This is a small change to allow the DataAccessHint to be passed during the construction of a Lucene99FlatVectorsReader. The reader if often used in conjunction with a graph, where random access is appropriate. However, the reader can be used without a graph, when implementing a so-called ""flat"" index, where SEQUENTIAL would likely be more appropriate. || Minor javadoc clarification that HasIndexSlice::getSlice can return null (#15581)  This commit adds a minor clarification to HasIndexSlice::getSlice, documenting that it may return null if the index input is not available. This is just a clarification of existing behaviour (rather than a change in behaviour), and the usage sites already cover the null check.  My motivation for this change is to make it more straightforward and clear that we can write filter wrapper delegates on top of KnnVectorValues - the filter can just implement HasIndexSlice and return null, rather than writing two different filter implementations. || Fix dibit striping for quantized vector formats (#15578)  * Fix dibit striping for quantized vector formats  * tidy || Add `count()` to `FilterWeight` (#15510) || Avoid copying bitset that's subsequently cleared (#15582) Sync up changes.txt (10x) || Monitor: Make TestCachePurging more failsafe (#15589)  Add a new test for testing stats instead of hoping the assertion works in the cache purging tests.  Closes #15587 || Use Arrays.compareUnsigned  in IDVersionSegmentTermsEnum and OrdsSegmentTermsEnum. (#13782) || TestRescoreTopNQuery: Don't flush per document (#15600) || Add SegmentOrder utility class for per-query segment re-ordering (#15591)  This allows client code that is querying sorted indexes to ensure that segments most likely to produce entries in a top-k search are queried first, allowing efficient skipping of other segments. || SegmentTermsEnumFrame: avoid unnecessary array allocations that waste memory (#15618)  * SegmentTermsEnumFrame: avoid unnecessary array allocations that waste memory  * Add changes entry.  ---------  Co-authored-by: Dawid Weiss <dawid.weiss@carrotsearch.com> || Clones of MMapDirectory's IndexInput (MemorySegmentIndexInput) now share one counter for throttling madvise calls for dynamic prefetch (#15585)  * Added sharedPrefetchCounter  * Minor  * Added AtomicInteger and CHANGES.txt entry.  * Removed SharedPrefetchCounter completely and replaced with AtomicInteger.  * Empty space  * Replaced incrementAndGet() with getAndIncrement()  ---------  Co-authored-by: shubharm <shubharm@amazon.com> || Backport changes to 10x branch to add and enforce fallback support when full precision vectors not present in index (#15588)  * Adds OffHeapQuantizedFloatVectorValues  to access float vectors when only quantized vectors are present  (#14792)  * Use confidenceInterval=1.0 to stabilize test; fixes #14864 (#14877)  * Enforce fallback support for float vector retrieval in quantized KNN vector formats (#15476)  * Moved testReadQuantizedVectorWithEmptyRawVectors test case to BaserKnnVectorsFormatTestCase  * Added entry to Changes.txt  * Rename function  * Made helper functions protected  * CHanged function name and remove redundanct vector copying  * Moved helper methods to subclasses to have codec specific implementation  * Revert ""Moved helper methods to subclasses to have codec specific implementation""  This reverts commit f0c66d6e3060def04a7a6ef68c0eacf41ee6c0e8.  * Moved helper methods to subclasses to have codec specific implementation which supports fallback  * remove unused constant  * Made functions private from protected  * Moved indexWriter to try block  ---------  Co-authored-by: Pulkit Gupta <pullkit@amazon.com>  ---------  Co-authored-by: Michael Sokolov <sokolov@falutin.net> Co-authored-by: Pulkit Gupta <pullkit@amazon.com> || Bring new quantized format inline with old quantized format (#15622)  * Bring new quantized format inline with old quantized format  * iter || Use a more coarse-grained competitive iterator for skipper-based numeric sorts (#15632)  Numeric sorts against a field with DocValuesSkippers enabled currently use DocValuesRangeIterator to implement competitive iterators. This has a couple of disadvantages: - DVRI cannot efficiently implement docIDRunEnd() or intoBitSet(), meaning that   bulk conjunction filtering may end up falling into slower code paths - For field value distributions that are essentially random, DVRI falls back to   doc-by-doc value checking, meaning that no skipping happens at all, but adding   overhead.  This commit adds a new SkipBlockRangeIterator that only skips whole blocks where no document will be competitive, avoiding any individual doc-by-doc value checks. The docIDRunEnd() and intoBitSet() implementations are very fast and mean that bulk conjunction filtering will be efficient. The overheads as a whole are very low, so randomly distributed values are much less adversarial, while queries against indexes where the document order is roughly correlated with the query sort get significant boosts. || Bulk score hnsw diversity check (#15607)  * Utilize bulk scoring interface during HNSW graph builder diversity check  * iter  * iter  * iter  * adding changes, adjusting bulk chunk size  * iter  * fixing chunk size  * no tail needed, :facepalm:  * iter  * iter || Fix tessellator failure by preferring the shared vertex that is the leftmost vertex of the hole (#15657) || Update documentation for Lucene104PostingsFormat (#15625) || Fix FVH boost issue (#15442) (#15635) || Fix MergedByteVectorValues internal ordinal tracking (#15553)  Move internal ordinal tracking in `MergedByteVectorValues` from `vectorValue` -> `nextDoc` to allow loading only a subset of vectors during iteration. || Avoid unnecessary getGraph() call (#15560)  * Avoid unnecessary getGraph() call which initializes the OffHeapHnswGraph whereas all we need is graph size || Optimize DocIdSetIteratorAcceptDocs#cost (#15592) || Disable bypassing graph creation for HnswGraphTestCase#testReadWrite (#15419) || Revert ""Optimize DocIdSetIteratorAcceptDocs#cost (#15592)"" (#15687)  This reverts commit 2f9aa8ae26d6c1087884c734e1b3d137bd8c6601. || Use SkipBlockRangeIterator in TermOrdValComparator (#15696)  DocValuesRangeIterator will duplicate lots of work here, in the worst case not doing any pruning at all but forcing all value comparisons to be done twice on every document. Switch to using SkipBlockRangeIterator instead, which only checks skip block boundaries and leaves all per-doc checks to the LeafComparator itself. || Fix Tessellation error for holes that share the same leftmost vertex with an outer ring vertex (#15700) || Disable skipper-based term competitive iterators if they are not effective (#15709)  Skipper-based competitive iterators for term sorts are only useful if the field being sorted on has a rough correlation with the overall index sort. For cases where these competitive iterators are not helping, we detect that no skipping is actually occurring and disable the competitive iterator updates, to remove per-document overhead. || Correctly handle sort pruning on segments where the sort field does not exist (#15741)  We inadvertently removed a branch where a segment without a sort field would create a postings-based competitive state that generated an empty iterator, meaning that searches against such segments would waste time checking every document rather than early terminating.  This re-adds that logic, introducing a simpler skip-all-docs implementation and adding explicit tests. || [mongot setup] Add .evergreen.yml and scripts/release/ for Evergreen CI || Restore Lucene99Codec and Lucene99HnswScalarQuantizedVectorsFormat write support for 9.11 backward compatability in 10.4.0 (#15)  * CLOUDP-374526 - Restore Lucene99Codec write support for 9.11 backward compatibility  (#6)  * create Lucene94FieldInfosFormatV1.java  * tidy  * tidy  * add unit test  * re-enable Lucene90BlockTreeTermsWriter  * cleanup  * restore 9.11.1 codec write behavior  * lint  * use newer version at reader  * lint  * lint || Bloom filter support backport to 10.4.0 (#14)  * backport bloom to 10-4  * update changes  * update changelog || CLOUDP-415919 - Backports WANDScorer and leading wildcard query fixes to 10.4.0 (#20)  * Restore WANDScorer for TOP_SCORES + minShouldMatch > 1 (#16176)  Lucene #13408 (released in 10.0) dropped a guard in BooleanScorerSupplier.optionalBulkScorer that previously kept TOP_SCORES + minShouldMatch > 1 queries on WANDScorer. As a side effect, when matches are dense, dispatch now lands on BooleanScorer, which has no top-K impact pruning — causing 10–100× latency regressions on pure-should compound queries with minimumShouldMatch > 1.  * Defer term collection when query term count is unknown (#16222)  MultiTermQuery constant-score wrapper now defers term collection to ScorerSupplier#get() for queries with an unknown term count (automaton queries such as wildcard/regexp/prefix/range), instead of scanning the term dictionary while building the ScorerSupplier. This keeps the ScorerSupplier ""planning"" phase cheap so a parent conjunction can short-circuit (e.g. a sibling clause matching no documents) before a non-seekable scan, such as a leading wildcard, runs.  If the term dictionary is large and a leading wildcard query matches very few times (<16 (BOOLEAN_REWRITE_TERM_COUNT_THRESHOLD)), using lazy instead of eager evaluation could save a lot of unnecessary term collection.  * CHANGES.txt || restore"
16403,Restore HNSW graph reuse during merges under per-field vectors formats,https://github.com/apache/lucene/pull/16403,MERGED,1,4,3,178,2,180,70,513,5,8,896,224.0,705,7,"Restore HNSW graph reuse during merges under per-field vectors formats  Since 10.4.0 IncrementalHnswGraphMerger.addReader unwrapped the per-field reader into currKnnVectorsReader but tested the wrapper for HnswGraphProvider, which PerFieldKnnVectorsFormat.FieldsReader does not implement on this branch. Every candidate segment was rejected, so no seed graph was ever selected and every merge rebuilt the merged graph from scratch.  Test the unwrapped reader and store it in GraphReader, so the later cast in createBuilder operates on the reader that actually implements the interface. Adds a test asserting that merging deletion-free segments under the default codec goes through MergingHnswGraphBuilder. || Remove unused id field and redundant commit from TestHnswGraphReuse || Rename TestHnswGraphReuse to TestHnswGraphReuseDuringMerge || Add test asserting graph reuse when the base segment has deletions"
16401,Speed up TestHnswMergeAbort and make its assertion deterministic,https://github.com/apache/lucene/pull/16401,MERGED,1,2,2,85,20,105,64,1600,2,3,626,313.0,572,2,"Speed up TestHnswMergeAbort and make its assertion deterministic  Instead of asserting that rollback() returns within a time limit, hold the merge thread at the start of the graph build until the merge is marked aborted, then assert that the build never ran to completion, observed through InfoStream. This does not depend on segment size or machine speed, so segments shrink from 12k docs to 1k and beam width from 250 to 100. MergingHnswGraphBuilder now emits a completion message like the other two builders, so the graph join path has a completion signal to assert on. || Merge branch 'main' into hnsw-abort-test-speedup-16397"
16396,Handle inconsistent schema on flush with index sorts (#15125),https://github.com/apache/lucene/pull/16396,MERGED,1,1,3,70,5,75,61,174,0,0,237,237.0,237,0,"Handle inconsistent schema on flush with index sorts (#15125)  If index sorts are configured and a document's schema is inconsistent with existing segments, IndexWriter may encounter a NullPointerException when building sort comparators."
16395,Handle inconsistent schema on flush with index sorts (#15125),https://github.com/apache/lucene/pull/16395,MERGED,1,1,3,69,6,75,61,204,0,0,237,237.0,237,0,"Handle inconsistent schema on flush with index sorts (#15125)  If index sorts are configured and a document's schema is inconsistent with existing segments, IndexWriter may encounter a NullPointerException when building sort comparators."
16394,Bulk nextDocsAndScores for constant-score disjunction clauses,https://github.com/apache/lucene/pull/16394,MERGED,1,6,8,383,9,392,61,4818,5,4,2175,362.5,699,2,"Bulk nextDocsAndScores for constant-score disjunction clauses  MaxScoreBulkScorer's term-at-a-time scoring drains clauses through Scorer#nextDocsAndScores. TermScorer has a bulk implementation over postings, but ConstantScoreScorer falls back to one nextDoc() call per match. When the underlying iterator is a disjunction, every such call pays a DisiPriorityQueue update, and with tied constant scores the top-k threshold cannot prune, so the full candidate stream pays it.  Drain a 4096-doc window in bulk via DocIdSetIterator#intoBitSet when the underlying iterator is a DisjunctionDISIApproximation; keep the doc-at-a-time loop for iterators that are cheap to advance and for two-phase iterators. || Add CHANGES entry || Add DocIdSetIterator#intoArray with a bulk implementation for disjunctions  The default implementation copies doc IDs one nextDoc() call at a time. DisjunctionDISIApproximation overrides it to load a window of doc IDs through #intoBitSet, which costs one bulk load and one priority-queue update per sub-iterator instead of one priority-queue update per matching doc. || Build ConstantScoreScorer#nextDocsAndScores on DocIdSetIterator#intoArray  Iterators that load doc IDs in bulk now opt in by overriding #intoArray, which replaces the instanceof check on the underlying iterator.  Also stop reporting an empty buffer while docs remain below upTo: callers read that as the iterator being exhausted, so a batch whose docs are all deleted used to drop every remaining hit of the clause. || Update CHANGES entry for the intoArray-based implementation || Check the nextDocsAndScores buffer contract in AssertingScorer  An empty buffer is documented to mean that no doc is left before upTo, and callers rely on it to terminate. Nothing enforced it, so an implementation that filters the buffer after loading it, e.g. on liveDocs, could report an empty buffer with docs still to come and silently drop hits.  Assert it, and add a randomized ConstantScoreScorer test that reaches the case. Reaching it takes a doc ID range wider than one batch plus deletions that cluster, so the uniformly random deletions that existing randomized tests apply to small indexes never get there."
16393,Move the GITHUB#16367 CHANGES entry to the 10.6.0 section,https://github.com/apache/lucene/pull/16393,MERGED,1,1,1,4,4,8,57,113,0,0,57,57.0,57,0,Move the GITHUB#16367 CHANGES entry to the 10.6.0 section
16391,Check if merge is aborted during HNSW graph construction (#16368),https://github.com/apache/lucene/pull/16391,MERGED,1,1,9,258,6,264,65,434,0,0,135,135.0,135,0,Check if merge is aborted during HNSW graph construction (#16368)  (cherry picked from commit 2b237286b38e9b62d6e017a1d746a66c707e8462)
16390,Fix double-counting of Automaton in AutomatonQuery#ramBytesUsed,https://github.com/apache/lucene/pull/16390,MERGED,1,1,4,89,1,90,63,400,1,0,63,63.0,63,1,Fix double-counting of Automaton in AutomatonQuery#ramBytesUsed
16388,Remove IOException from LeafReader.getDocValuesSkipper(),https://github.com/apache/lucene/pull/16388,MERGED,1,3,23,57,58,115,56,536,0,0,669,223.0,594,0,"Remove IOException from LeafReader.getDocValuesSkipper()  All of the global metadata available without calling advance() on a skipper is loaded at Skipper creation time and can therefore be returned without doing any IO. The only reason we need to do IO to create a Skipper is slicing an IndexInput, and that can be done lazily in advance() as skippers are designed to only be consumed in a single thread.  This removes the throws declaration from LeafReader.getDocValuesSkipper(), which in combination with a similar change on PointValues will make numeric field metadata available without IO. || Merge remote-tracking branch 'origin/main' into skippers/ioexception || changes"
16387,Don't throw IOException from PointValues metadata methods,https://github.com/apache/lucene/pull/16387,MERGED,1,2,14,112,141,253,57,156,0,2,222,111.0,215,0,Don't throw IOException from PointValues metadata methods  Metadata is loaded at segment open time and doesn't require any IO to load once the IndexReader is available.  Stop throwing IOException from these methods. || changes
16386,Fix conflict in CHANGES.txt,https://github.com/apache/lucene/pull/16386,CLOSED,0,1,1,1,3,4,27,98,2,0,77,77.0,77,1,Fix conflict in CHANGES.txt  Signed-off-by: Binlong Gao <gbinlong@amazon.com>
16385,Remove unused public methods in AllGroupHeadsCollector,https://github.com/apache/lucene/pull/16385,MERGED,1,5,3,42,66,108,54,260,3,0,303,60.6,104,6,Remove unused public methods in AllGroupHeadsCollector  Signed-off-by: Binlong Gao <gbinlong@amazon.com> || Merge remote-tracking branch 'upstream/main' into fixTest || update grouping package info  Signed-off-by: Binlong Gao <gbinlong@amazon.com> || Merge branch 'main' into fixTest || Merge branch 'main' into fixTest
16383,Add fp16 (float16) vector encoding support - no quantization support,https://github.com/apache/lucene/pull/16383,MERGED,1,5,98,3392,24,3416,68,424,6,63,686,137.2,558,3,"feat: Add fp16 (float16) vector encoding support  Introduce a new FLOAT16 VectorEncoding that stores vectors at half precision (16 bits per dimension, represented as short[]). Adds Float16VectorValues, KnnFloat16VectorField, KnnFloat16VectorQuery, short[] similarity and VectorUtil operations, codec reader/writer plumbing across the KNN vectors stack, and function-query value sources, together with tests.  This introduces the raw fp16 encoding only; scalar quantization of fp16 vectors is intentionally excluded and will be added separately.  GITHUB#15549 || Fixed typo || Update the github change id in CHANGES.txt || Addressed comments: fixed comments and java docs || Addressed some more comments"
16382,Collapse repeated wildcard asterisks,https://github.com/apache/lucene/pull/16382,MERGED,1,6,3,67,13,80,36,965,15,4,1117,186.16666666666666,455,4,"Collapse repeated wildcard asterisks || Modernize toAutomaton switch and strengthen the collapse test  Convert the wildcard switch to an arrow switch (dropping the fallthrough and its @SuppressWarnings), per review. Compare automaton language equality (AutomatonTestUtil.sameLanguage) instead of only state/transition counts, add a variant mixing an escaped \* with literals and '?', and add a '*?' x5000 case asserting it stays linearly sized (it does not collapse but must not explode either). || Add CHANGES.txt entry for the wildcard repeated-asterisk collapse || Update lucene/core/src/test/org/apache/lucene/search/TestWildcardQuery.java  Co-authored-by: Namgyu Kim <kng0828@gmail.com> || Simplify the repeated-asterisk collapse: drop the state flag  Replace the lastWasWildcardString boolean (which had to be set in every switch branch) with a check on whether the previous segment is already a total (""any string"") automaton via Operations.isTotal. Behavior is unchanged — consecutive '*' still collapse to a single any-string — and the other branches become plain one-liners. || Use List.getLast() for the previous-segment check"
16380,Advance filter in MaxScoreBulkScorer before calculating window bounds,https://github.com/apache/lucene/pull/16380,MERGED,1,3,3,177,0,177,69,486,1,0,631,210.33333333333334,555,0,"Advance filter in MaxScoreBulkScorer before calculating window bounds  MaxScoreBulkScorer uses impacts/advanceShallow to calculate its window bounds, possibly going through several rounds of recalculation before moving to the window and scoring/filtering.  This can result in a lot of wasted work if the filter excludes a large initial chunk of the document space which could otherwise be ignored during the bounds calculations.  We now advance the filter approximation before doing any bounds computation and readjust the outer window limits accordingly. || Merge remote-tracking branch 'origin/main' into bulk/max-score-filter || changes"
16379,"Replace deprecated search(Query, Collector) with search(Query, CollectorManager) in TestGrouping",https://github.com/apache/lucene/pull/16379,MERGED,1,1,1,198,324,522,96,398,1,0,96,96.0,96,1,"Replace deprecated search(Query, Collector) with search(Query, CollectorManager) in TestGrouping"
16378,Accumulate join Total/Avg scores in double precision,https://github.com/apache/lucene/pull/16378,MERGED,1,3,4,82,40,122,52,411,6,0,511,170.33333333333334,463,3,"Accumulate join Total/Avg scores in double precision  TermsWithScoreCollector, JoinUtil's numeric point join, and TestJoinUtil summed per-document scores in float. Float addition isn't associative, so summing the same scores in a different order can round to a different float, causing TestJoinUtil.testMultiValueRandomJoin to intermittently fail on exact score/doc-order assertions.  Scores are now accumulated in double and narrowed to float only where exposed. || changes || Merge branch 'main' into join_util_scores"
16377,Fix VectorScorer#bulk eagerly advancing its iterator,https://github.com/apache/lucene/pull/16377,MERGED,1,1,3,39,5,44,52,1299,0,0,1304,1304.0,1304,2,"Fix VectorScorer#bulk eagerly advancing its iterator  The default bulk() implementation advanced its iterator as a side effect of construction, unlike Bulk.fromRandomScorerDense/Sparse, which defer positioning to the first nextDocsAndScores call. Move the positioning into the returned Bulk to match, and update the javadoc.  The current behavior is problematic when combining the iterator with others via conjunction. Given that this API is evolving and the behavior is split I propose adopting the lazy behavior.  In one case, I hit the following error:    Caused by: java.lang.IllegalArgumentException: Sub-iterators of ConjunctionDISI are not on the same document!         at ConjunctionDISI.throwSubIteratorsNotOnSameDocument(ConjunctionDISI.java:149)         at ConjunctionDISI.createConjunction(ConjunctionDISI.java:104)         at ConjunctionUtils.intersectScorers(ConjunctionUtils.java:44)         at ConjunctionScorer.<init>(ConjunctionScorer.java:36)         at BooleanScorerSupplier.requiredBulkScorer(BooleanScorerSupplier.java:453)         at BooleanScorerSupplier.booleanScorer(BooleanScorerSupplier.java:219)         at BooleanScorerSupplier.bulkScorer(BooleanScorerSupplier.java:177)  The tests don't hit this error because it's trivial to confirm that the bulk call is side effect free."
16376,deps(java): bump com.diffplug.spotless from 8.7.0 to 8.8.0,https://github.com/apache/lucene/pull/16376,MERGED,1,1,1,1,1,2,58,1557,0,0,341,341.0,341,0,deps(java): bump com.diffplug.spotless from 8.7.0 to 8.8.0  Bumps com.diffplug.spotless from 8.7.0 to 8.8.0.  --- updated-dependencies: - dependency-name: com.diffplug.spotless   dependency-version: 8.8.0   dependency-type: direct:production   update-type: version-update:semver-minor ...  Signed-off-by: dependabot[bot] <support@github.com>
16375,deps(java): bump org.apache.groovy:groovy-all from 5.0.6 to 5.0.7,https://github.com/apache/lucene/pull/16375,MERGED,1,1,1,1,1,2,65,1767,0,0,452,452.0,452,0,deps(java): bump org.apache.groovy:groovy-all from 5.0.6 to 5.0.7  Bumps [org.apache.groovy:groovy-all](https://github.com/apache/groovy) from 5.0.6 to 5.0.7. - [Commits](https://github.com/apache/groovy/commits)  --- updated-dependencies: - dependency-name: org.apache.groovy:groovy-all   dependency-version: 5.0.7   dependency-type: direct:production   update-type: version-update:semver-patch ...  Signed-off-by: dependabot[bot] <support@github.com>
16374,deps(java): bump gradle-wrapper from 9.6.0 to 9.6.1,https://github.com/apache/lucene/pull/16374,MERGED,1,4,2,2,2,4,51,6885,0,0,639,159.75,487,0,deps(java): bump gradle-wrapper from 9.6.0 to 9.6.1  Bumps [gradle-wrapper](https://github.com/gradle/gradle) from 9.6.0 to 9.6.1. - [Release notes](https://github.com/gradle/gradle/releases) - [Commits](https://github.com/gradle/gradle/compare/v9.6.0...v9.6.1)  --- updated-dependencies: - dependency-name: gradle-wrapper   dependency-version: 9.6.1   dependency-type: direct:production   update-type: version-update:semver-patch ...  Signed-off-by: dependabot[bot] <support@github.com> || Merge remote-tracking branch 'origin/main' into dependabot/gradle/gradle-wrapper-9.6.1 || Revert gradlew scripts with Lucene changes. || Bump minGradle version.
16373,deps(java): bump junit5 from 6.1.0 to 6.1.1,https://github.com/apache/lucene/pull/16373,MERGED,1,2,20,27,27,54,43,13444,0,0,1770,885.0,1750,2,"deps(java): bump junit5 from 6.1.0 to 6.1.1  Bumps `junit5` from 6.1.0 to 6.1.1.  Updates `org.junit.jupiter:junit-jupiter-engine` from 6.1.0 to 6.1.1 - [Release notes](https://github.com/junit-team/junit-framework/releases) - [Commits](https://github.com/junit-team/junit-framework/compare/r6.1.0...r6.1.1)  Updates `org.junit.platform:junit-platform-launcher` from 6.1.0 to 6.1.1 - [Release notes](https://github.com/junit-team/junit-framework/releases) - [Commits](https://github.com/junit-team/junit-framework/compare/r6.1.0...r6.1.1)  Updates `org.junit.platform:junit-platform-testkit` from 6.1.0 to 6.1.1 - [Release notes](https://github.com/junit-team/junit-framework/releases) - [Commits](https://github.com/junit-team/junit-framework/compare/r6.1.0...r6.1.1)  Updates `org.junit.vintage:junit-vintage-engine` from 6.1.0 to 6.1.1 - [Release notes](https://github.com/junit-team/junit-framework/releases) - [Commits](https://github.com/junit-team/junit-framework/compare/r6.1.0...r6.1.1)  --- updated-dependencies: - dependency-name: org.junit.jupiter:junit-jupiter-engine   dependency-version: 6.1.1   dependency-type: direct:production   update-type: version-update:semver-patch - dependency-name: org.junit.platform:junit-platform-launcher   dependency-version: 6.1.1   dependency-type: direct:production   update-type: version-update:semver-patch - dependency-name: org.junit.platform:junit-platform-testkit   dependency-version: 6.1.1   dependency-type: direct:production   update-type: version-update:semver-patch - dependency-name: org.junit.vintage:junit-vintage-engine   dependency-version: 6.1.1   dependency-type: direct:production   update-type: version-update:semver-patch ...  Signed-off-by: dependabot[bot] <support@github.com> || Lockfile, checksums."
16372,deps(java): bump com.gradle.common-custom-user-data-gradle-plugin from 2.6.0 to 2.7.0,https://github.com/apache/lucene/pull/16372,MERGED,1,1,1,1,1,2,85,1611,0,0,402,402.0,402,0,deps(java): bump com.gradle.common-custom-user-data-gradle-plugin  Bumps com.gradle.common-custom-user-data-gradle-plugin from 2.6.0 to 2.7.0.  --- updated-dependencies: - dependency-name: com.gradle.common-custom-user-data-gradle-plugin   dependency-version: 2.7.0   dependency-type: direct:production   update-type: version-update:semver-minor ...  Signed-off-by: dependabot[bot] <support@github.com>
16371,Add CaseFoldingFilter with flat lookup table,https://github.com/apache/lucene/pull/16371,MERGED,1,13,19,1109,13,1122,44,1278,14,23,1401,107.76923076923077,364,4,Add CaseFoldingFilter with flat lookup table || Update CHANGES.txt || Fix generated file formatting for lint || Merge remote-tracking branch 'origin/lucene/case-folding-table' into lucene/case-folding-table || Merge branch 'main' into lucene/case-folding-table || Use switch-based fold to reduce memory footprint  Replace 128KB flat lookup table with a generated switch statement. ~200 codepoints differ between foldCase and toLowerCase. || Merge branch 'main' into lucene/case-folding-table || Rename generation scripts and tasks for clarity  Fix stale regeneration command in generated file headers. Add SimpleCaseFolding.java and CaseFolding.java to .gitattributes. || Use regenerate* prefix for case folding tasks  Rename tasks to regenerateCaseFolding and regenerateSimpleCaseFolding so they integrate with the checksum framework and are picked up by `gradlew regenerate`. The previous generateUnicodeProps task lost its checksum tracking during a build refactoring (b39e9bce319). Regenerate CaseFolding.java with current ICU 78.3. || Rename CaseFolding to CaseExpansion in automaton package || Scan full Unicode range in SimpleCaseFolding generation  Expand GenerateSimpleCaseFolding loop to Character.MAX_CODE_POINT to cover supplementary codepoints. Add inline comments to CharacterUtils.simpleCaseFold() matching the existing comments in toLowerCase() for consistency. || Merge branch 'main' into lucene/case-folding-table || Update javadoc
16370,Order two-phase iterators in DenseConjunctionBulkScorer by matchCost,https://github.com/apache/lucene/pull/16370,MERGED,1,3,3,93,1,94,68,362,0,0,442,147.33333333333334,430,0,"Order two-phase iterators in DenseConjunctionBulkScorer by matchCost  Currently two-phase iterators are ordered by their approximation cost. Many two-phase implementations use maxDoc as their approximation, however, meaning that we don't necessarily get a good ordering between them and more expensive matches can be called unnecessarily.  This adds an additional comparison layer for two-phase iterators that orders by matchCost. || check || changes"
16369,Fix seed-dependent failure in TestForceNoBulkScoringQuery,https://github.com/apache/lucene/pull/16369,MERGED,1,1,1,4,1,5,57,1554,0,0,581,581.0,581,7,"Fix seed-dependent failure in TestForceNoBulkScoringQuery  The sanity check added in #16350 assumes that searching the un-wrapped ThrowsOnBulkScoreQuery always calls ScorerSupplier#bulkScorer. With newSearcher(reader) the searcher may be an AssertingIndexSearcher, whose ScorerSupplier sometimes builds the bulk scorer from scorer() instead of delegating, so the expected AssertionError is never thrown:    gradlew -p lucene/monitor test --tests TestForceNoBulkScoringQuery \     -Dtests.seed=BDD18A3ADD885193  Use a plain IndexSearcher so the dispatch under test is deterministic."
16368,Check if merge is aborted during HNSW graph construction,https://github.com/apache/lucene/pull/16368,MERGED,1,6,9,257,6,263,56,1919,8,5,1253,208.83333333333334,648,2,"Check if merge is aborted during HNSW graph construction (#16367)  Graph construction is a pure-CPU loop that performs no writes, so it never observed OneMerge's abort flag: IndexWriter#rollback/abortMerges blocked until the entire graph was built (tens of minutes for large vector segments).  Wire MergeState#checkAborted from Lucene99HnswVectorsWriter through the HNSW graph mergers into the builders, and invoke it before every node insertion in HnswGraphBuilder#addGraphNodeInternal - the single point that all insertion paths (full rebuild, graph-join, concurrent workers) funnel through. Flush-time graph builds are unaffected (no check set). || Merge branch 'main' into hnsw-merge-abort-16367 || Cover the concurrent merge path in TestHnswMergeAbort  Add a variant with numMergeWorkers=2 so the abort check forwarding in HnswConcurrentMergeBuilder is exercised, and relax the rollback bound from 5s to 10s for slow CI machines. Without the fix the three variants block rollback for 27s (full rebuild), 31s (graph join) and 14s (concurrent) on this index. || Merge remote-tracking branch 'origin/main' into hnsw-merge-abort-16367  # Conflicts: #	lucene/CHANGES.txt || Merge branch 'main' into hnsw-merge-abort-16367 || Enforce that the abort check is set at most once"
16365,feat: Add API to use custom dictionary suggester (#16363),https://github.com/apache/lucene/pull/16365,MERGED,1,1,8,127,25,152,57,0,0,0,57,57.0,57,0,feat: Add API to use custom dictionary suggester (#16363)
16364,Fix occasional ConcurrentModificationException in TestInfoStream,https://github.com/apache/lucene/pull/16364,MERGED,1,2,1,20,18,38,64,198,0,0,268,134.0,264,2,Fix occasional ConcurrentModificationException in TestInfoStream  IndexWriter merge threads might still be writing to the InfoStream after the writer is closed.  Synchronize on the infostream List so that we don't get CMEs when iterating over it to check messages. || mate
16363,feat: Add API to use custom dictionary suggester,https://github.com/apache/lucene/pull/16363,MERGED,1,4,8,127,25,152,48,0,0,0,153,38.25,65,0,feat: Add API to use custom dictionary suggester || Update `CHANGES.txt` || Merge branch 'main' into ilia.permiashkin/dictionary-suggest-main || Update `CHANGES.txt`
16362,Add TwoPhaseIterator.applyMask() method,https://github.com/apache/lucene/pull/16362,MERGED,1,6,6,803,32,835,39,1044,1,3,1192,198.66666666666666,1083,2,"Add TwoPhaseIterator.applyMask() method  TwoPhaseIterator.intoBitSet() can vectorize two-phase matching across a window of documents, but it does not take into account any previous conjunction clauses that could have excluded documents in the window from consideration.  This can cause inefficiencies in DenseConjunctionBulkScorer, where we use intoBitSet for windows that we know have more than 25% matches - for example, a window with 26% matching documents when combined with a two-phase iterator whose approximation matches everything will call `match()` on the 74% of documents in the window that have already been excluded.  We add a complementary method `applyMask()` to TwoPhaseIterator that will call matches() on all documents marked as selected in a passed-in BitSet, and clear them if they do not pass. DocValuesRangeIterator can use a bulk implementation, while the default implementation still avoids matching documents already excluded by earlier clauses. DenseConjunctionBulkScorer always calls applyMask() when presented with a TwoPhaseIterator as a trailing clause. || tidy || add tests for review comments and fix || changes || Merge branch 'main' into twophase/applymask || Update CHANGES.txt"
16359,feat: Add API to use custom dictionary suggester,https://github.com/apache/lucene/pull/16359,CLOSED,0,3,8,132,25,157,48,0,4,10,85,28.333333333333332,48,0,feat: Add API to use custom dictionary suggester || Format code || Rollback redundant changes
16355,Add ASCII fast-path to CharacterUtils.toLowerCase,https://github.com/apache/lucene/pull/16355,MERGED,1,5,3,207,4,211,49,601,3,7,288,57.6,168,0,Add ASCII fast-path to CharacterUtils.toLowerCase  Skip codepoint-level Unicode lowering for ASCII-only tokens by using direct arithmetic; 2.16x faster on English text. || Merge with main. || Reverting cosmetic changes. || Remove unused import. || Merge branch 'main' into lucene/lowercase-ascii-fastpath
16352,SkipBlockRangeIterator should report docCount as its cost,https://github.com/apache/lucene/pull/16352,MERGED,1,2,3,9,1,10,57,256,0,0,320,160.0,313,0,"SkipBlockRangeIterator should report docCount as its cost  Currently it returns DocIdSetIterator.NO_MORE_DOCS, meaning that it will compare as more costly to almost any other iterator and never be used to drive iteration in conjunctions, even against expensive two-phase queries that report max_doc as their cost. || changes"
16350,Fix disabling of bulk scoring in monitor,https://github.com/apache/lucene/pull/16350,MERGED,1,4,3,137,1,138,40,444,0,0,560,140.0,482,2,"Fix disabling of bulk scoring in monitor  The monitor wraps all queries in a ForceNoBulkScoringQuery to ensure that it runs everything doc-at-a-time and doesn't allocate large bulk buffers for searches over a tiny number of documents.  Changes to the bulk scoring API in Weight and ScorerSupplier meant that this optimization was silently disabled.  Add a new test to ensure that bulk scoring is properly disabled, and re-work ForceNoBulkScoringQuery so that it behaves as expected. || changes || Merge branch 'main' into monitor/disable-bulk-scoring || Update CHANGES.txt"
16347,Fix integer underflow in assertion in SparseFixedBitSet,https://github.com/apache/lucene/pull/16347,MERGED,1,1,2,6,2,8,55,533,1,0,588,588.0,588,5,"Fix integer underflow in assertion in SparseFixedBitSet  For values close to Integer.MAX_VALUE, the blockCount calculation in SparseFixedBitSet can result in an assertion tripping.  The method checks that the calculated block count will cover the full length of the bitset; if the block count covers the whole integer range, the check will underflow to a negative value, which compares as smaller than the passed-in length.  This is fixed by a simple cast to long.  Note that the error is only in the assertion; the actual calculated block count is correct and there is no production bug."
16345,Add bounds validation to ArrayUtil.growExact() and CharTermAttributeImpl.clone(),https://github.com/apache/lucene/pull/16345,CLOSED,0,3,5,88,0,88,80,1342,4,1,1024,341.3333333333333,399,9,Add validation to ArrayUtil.growExact() methods  Adds bounds checking to all growExact() methods to prevent: - Negative newLength values - newLength less than array.length (maintains backward compatibility with IndexOutOfBoundsException) - newLength exceeding MAX_ARRAY_LENGTH  This fixes potential security issues where malicious input could cause excessive memory allocation or undefined behavior. || Add validation to CharTermAttributeImpl.clone()  Adds bounds checking in clone() method to validate termLength: - Checks termLength is not negative - Checks termLength does not exceed MAX_ARRAY_LENGTH  This prevents potential security issues with crafted/malicious TermBuffer values that could cause excessive memory allocation or undefined behavior during cloning. || Fix test and update CHANGES.txt for bug fix  - Remove OOM-causing test that allocated MAX_ARRAY_LENGTH - Update CHANGES.txt to reference new bug issue #16346 - Rephrase CHANGES.txt entry as bug fix (not security)  Co-Authored-By: Claude <noreply@anthropic.com>
16343,ci: bump actions/cache from 5.0.5 to 6.1.0 in /.github/actions/prepare-for-build,https://github.com/apache/lucene/pull/16343,MERGED,1,1,1,1,1,2,80,8610,0,0,632,632.0,632,0,ci: bump actions/cache in /.github/actions/prepare-for-build  Bumps [actions/cache](https://github.com/actions/cache) from 5.0.5 to 6.1.0. - [Release notes](https://github.com/actions/cache/releases) - [Changelog](https://github.com/actions/cache/blob/main/RELEASES.md) - [Commits](https://github.com/actions/cache/compare/27d5ce7f107fe9357f9df03efb73ab90386fccae...55cc8345863c7cc4c66a329aec7e433d2d1c52a9)  --- updated-dependencies: - dependency-name: actions/cache   dependency-version: 6.1.0   dependency-type: direct:production   update-type: version-update:semver-major ...  Signed-off-by: dependabot[bot] <support@github.com>
16342,ci: bump actions/setup-java from 5.2.0 to 5.4.0 in /.github/actions/prepare-for-build,https://github.com/apache/lucene/pull/16342,MERGED,1,1,1,1,1,2,85,14629,0,0,592,592.0,592,0,ci: bump actions/setup-java in /.github/actions/prepare-for-build  Bumps [actions/setup-java](https://github.com/actions/setup-java) from 5.2.0 to 5.4.0. - [Release notes](https://github.com/actions/setup-java/releases) - [Commits](https://github.com/actions/setup-java/compare/be666c2fcd27ec809703dec50e508c2fdc7f6654...1bcf9fb12cf4aa7d266a90ae39939e61372fe520)  --- updated-dependencies: - dependency-name: actions/setup-java   dependency-version: 5.4.0   dependency-type: direct:production   update-type: version-update:semver-minor ...  Signed-off-by: dependabot[bot] <support@github.com>
16341,ci: bump gradle/actions/setup-gradle from 6.1.0 to 6.2.0 in /.github/actions/prepare-for-build,https://github.com/apache/lucene/pull/16341,MERGED,1,2,1,1,1,2,94,10715,0,0,690,345.0,569,0,ci: bump gradle/actions/setup-gradle  Bumps [gradle/actions/setup-gradle](https://github.com/gradle/actions) from 6.1.0 to 6.2.0. - [Release notes](https://github.com/gradle/actions/releases) - [Commits](https://github.com/gradle/actions/compare/50e97c2cd7a37755bbfafc9c5b7cafaece252f6e...3f131e8634966bd73d06cc69884922b02e6faf92)  --- updated-dependencies: - dependency-name: gradle/actions/setup-gradle   dependency-version: 6.2.0   dependency-type: direct:production   update-type: version-update:semver-minor ...  Signed-off-by: dependabot[bot] <support@github.com> || Merge branch 'main' into dependabot/github_actions/dot-github/actions/prepare-for-build/gradle/actions/setup-gradle-6.2.0
16340,ci: bump actions/setup-go from 6.4.0 to 6.5.0 in /.github/actions/eclint,https://github.com/apache/lucene/pull/16340,MERGED,1,1,1,1,1,2,72,4999,0,0,589,589.0,589,0,ci: bump actions/setup-go from 6.4.0 to 6.5.0 in /.github/actions/eclint  Bumps [actions/setup-go](https://github.com/actions/setup-go) from 6.4.0 to 6.5.0. - [Release notes](https://github.com/actions/setup-go/releases) - [Commits](https://github.com/actions/setup-go/compare/4a3601121dd01d1626a1e23e37211e3254c1c06c...924ae3a1cded613372ab5595356fb5720e22ba16)  --- updated-dependencies: - dependency-name: actions/setup-go   dependency-version: 6.5.0   dependency-type: direct:production   update-type: version-update:semver-minor ...  Signed-off-by: dependabot[bot] <support@github.com>
16339,ci: bump actions/cache from 5.0.5 to 6.1.0 in /.github/actions/eclint,https://github.com/apache/lucene/pull/16339,MERGED,1,1,1,1,1,2,69,8610,0,0,641,641.0,641,0,ci: bump actions/cache from 5.0.5 to 6.1.0 in /.github/actions/eclint  Bumps [actions/cache](https://github.com/actions/cache) from 5.0.5 to 6.1.0. - [Release notes](https://github.com/actions/cache/releases) - [Changelog](https://github.com/actions/cache/blob/main/RELEASES.md) - [Commits](https://github.com/actions/cache/compare/27d5ce7f107fe9357f9df03efb73ab90386fccae...55cc8345863c7cc4c66a329aec7e433d2d1c52a9)  --- updated-dependencies: - dependency-name: actions/cache   dependency-version: 6.1.0   dependency-type: direct:production   update-type: version-update:semver-major ...  Signed-off-by: dependabot[bot] <support@github.com>
16338,ci: bump actions/setup-python from 6.2.0 to 6.3.0,https://github.com/apache/lucene/pull/16338,MERGED,1,1,1,1,1,2,49,7103,0,0,586,586.0,586,0,ci: bump actions/setup-python from 6.2.0 to 6.3.0  Bumps [actions/setup-python](https://github.com/actions/setup-python) from 6.2.0 to 6.3.0. - [Release notes](https://github.com/actions/setup-python/releases) - [Commits](https://github.com/actions/setup-python/compare/a309ff8b426b58ec0e2a45f0f869d46889d02405...ece7cb06caefa5fff74198d8649806c4678c61a1)  --- updated-dependencies: - dependency-name: actions/setup-python   dependency-version: 6.3.0   dependency-type: direct:production   update-type: version-update:semver-minor ...  Signed-off-by: dependabot[bot] <support@github.com>
16337,ci: bump gradle/actions/dependency-submission from 6.1.0 to 6.2.0,https://github.com/apache/lucene/pull/16337,MERGED,1,1,1,1,1,2,65,10742,0,0,616,616.0,616,0,ci: bump gradle/actions/dependency-submission from 6.1.0 to 6.2.0  Bumps [gradle/actions/dependency-submission](https://github.com/gradle/actions) from 6.1.0 to 6.2.0. - [Release notes](https://github.com/gradle/actions/releases) - [Commits](https://github.com/gradle/actions/compare/50e97c2cd7a37755bbfafc9c5b7cafaece252f6e...3f131e8634966bd73d06cc69884922b02e6faf92)  --- updated-dependencies: - dependency-name: gradle/actions/dependency-submission   dependency-version: 6.2.0   dependency-type: direct:production   update-type: version-update:semver-minor ...  Signed-off-by: dependabot[bot] <support@github.com>
16336,ci: bump github/codeql-action/analyze from 4.36.1 to 4.36.2,https://github.com/apache/lucene/pull/16336,MERGED,1,1,1,1,1,2,59,10166,1,0,693,693.0,693,0,ci: bump github/codeql-action/analyze from 4.36.1 to 4.36.2  Bumps [github/codeql-action/analyze](https://github.com/github/codeql-action) from 4.36.1 to 4.36.2. - [Release notes](https://github.com/github/codeql-action/releases) - [Changelog](https://github.com/github/codeql-action/blob/main/CHANGELOG.md) - [Commits](https://github.com/github/codeql-action/compare/87557b9c84dde89fdd9b10e88954ac2f4248e463...8aad20d150bbac5944a9f9d289da16a4b0d87c1e)  --- updated-dependencies: - dependency-name: github/codeql-action/analyze   dependency-version: 4.36.2   dependency-type: direct:production   update-type: version-update:semver-patch ...  Signed-off-by: dependabot[bot] <support@github.com>
16335,ci: bump github/codeql-action/upload-sarif from 4.36.1 to 4.36.2,https://github.com/apache/lucene/pull/16335,MERGED,1,1,1,1,1,2,64,11711,0,0,708,708.0,708,0,ci: bump github/codeql-action/upload-sarif from 4.36.1 to 4.36.2  Bumps [github/codeql-action/upload-sarif](https://github.com/github/codeql-action) from 4.36.1 to 4.36.2. - [Release notes](https://github.com/github/codeql-action/releases) - [Changelog](https://github.com/github/codeql-action/blob/main/CHANGELOG.md) - [Commits](https://github.com/github/codeql-action/compare/87557b9c84dde89fdd9b10e88954ac2f4248e463...8aad20d150bbac5944a9f9d289da16a4b0d87c1e)  --- updated-dependencies: - dependency-name: github/codeql-action/upload-sarif   dependency-version: 4.36.2   dependency-type: direct:production   update-type: version-update:semver-patch ...  Signed-off-by: dependabot[bot] <support@github.com>
16334,build(deps): bump holidays from 0.98 to 0.99 in /dev-tools,https://github.com/apache/lucene/pull/16334,MERGED,1,1,1,1,1,2,58,10641,1,0,559,559.0,559,0,build(deps): bump holidays from 0.98 to 0.99 in /dev-tools  Bumps [holidays](https://github.com/vacanza/holidays) from 0.98 to 0.99. - [Release notes](https://github.com/vacanza/holidays/releases) - [Changelog](https://github.com/vacanza/holidays/blob/dev/CHANGES.md) - [Commits](https://github.com/vacanza/holidays/compare/v0.98...v0.99)  --- updated-dependencies: - dependency-name: holidays   dependency-version: '0.99'   dependency-type: direct:production   update-type: version-update:semver-minor ...  Signed-off-by: dependabot[bot] <support@github.com>
16333,build(deps): bump ruff from 0.15.15 to 0.15.19 in /dev-tools,https://github.com/apache/lucene/pull/16333,MERGED,1,1,3,22,22,44,60,9256,0,0,559,559.0,559,0,build(deps): bump ruff from 0.15.15 to 0.15.19 in /dev-tools  Bumps [ruff](https://github.com/astral-sh/ruff) from 0.15.15 to 0.15.19. - [Release notes](https://github.com/astral-sh/ruff/releases) - [Changelog](https://github.com/astral-sh/ruff/blob/main/CHANGELOG.md) - [Commits](https://github.com/astral-sh/ruff/compare/0.15.15...0.15.19)  --- updated-dependencies: - dependency-name: ruff   dependency-version: 0.15.19   dependency-type: direct:production   update-type: version-update:semver-patch ...  Signed-off-by: dependabot[bot] <support@github.com>
16332,ci: bump actions/setup-java from 5.2.0 to 5.4.0,https://github.com/apache/lucene/pull/16332,MERGED,1,2,2,2,2,4,47,14629,0,0,649,324.5,574,0,ci: bump actions/setup-java from 5.2.0 to 5.4.0  Bumps [actions/setup-java](https://github.com/actions/setup-java) from 5.2.0 to 5.4.0. - [Release notes](https://github.com/actions/setup-java/releases) - [Commits](https://github.com/actions/setup-java/compare/be666c2fcd27ec809703dec50e508c2fdc7f6654...1bcf9fb12cf4aa7d266a90ae39939e61372fe520)  --- updated-dependencies: - dependency-name: actions/setup-java   dependency-version: 5.4.0   dependency-type: direct:production   update-type: version-update:semver-minor ...  Signed-off-by: dependabot[bot] <support@github.com> || Merge branch 'main' into dependabot/github_actions/actions/setup-java-5.4.0
16331,build(deps): bump rumdl from 0.2.5 to 0.2.22 in /dev-tools,https://github.com/apache/lucene/pull/16331,MERGED,1,1,2,11,11,22,58,11386,0,0,543,543.0,543,0,build(deps): bump rumdl from 0.2.5 to 0.2.22 in /dev-tools  Bumps [rumdl](https://github.com/rvben/rumdl) from 0.2.5 to 0.2.22. - [Release notes](https://github.com/rvben/rumdl/releases) - [Changelog](https://github.com/rvben/rumdl/blob/main/CHANGELOG.md) - [Commits](https://github.com/rvben/rumdl/compare/v0.2.5...v0.2.22)  --- updated-dependencies: - dependency-name: rumdl   dependency-version: 0.2.22   dependency-type: direct:development   update-type: version-update:semver-patch ...  Signed-off-by: dependabot[bot] <support@github.com>
16330,ci: bump github/codeql-action/init from 4.36.1 to 4.36.2,https://github.com/apache/lucene/pull/16330,MERGED,1,1,1,1,1,2,56,10157,1,0,684,684.0,684,0,ci: bump github/codeql-action/init from 4.36.1 to 4.36.2  Bumps [github/codeql-action/init](https://github.com/github/codeql-action) from 4.36.1 to 4.36.2. - [Release notes](https://github.com/github/codeql-action/releases) - [Changelog](https://github.com/github/codeql-action/blob/main/CHANGELOG.md) - [Commits](https://github.com/github/codeql-action/compare/87557b9c84dde89fdd9b10e88954ac2f4248e463...8aad20d150bbac5944a9f9d289da16a4b0d87c1e)  --- updated-dependencies: - dependency-name: github/codeql-action/init   dependency-version: 4.36.2   dependency-type: direct:production   update-type: version-update:semver-patch ...  Signed-off-by: dependabot[bot] <support@github.com>
16329,build(deps): bump zizmor from 1.25.2 to 1.26.1 in /dev-tools,https://github.com/apache/lucene/pull/16329,MERGED,1,1,2,14,14,28,60,11628,0,0,582,582.0,582,0,build(deps): bump zizmor from 1.25.2 to 1.26.1 in /dev-tools  Bumps [zizmor](https://github.com/zizmorcore/zizmor) from 1.25.2 to 1.26.1. - [Release notes](https://github.com/zizmorcore/zizmor/releases) - [Changelog](https://github.com/zizmorcore/zizmor/blob/main/docs/release-notes.md) - [Commits](https://github.com/zizmorcore/zizmor/compare/v1.25.2...v1.26.1)  --- updated-dependencies: - dependency-name: zizmor   dependency-version: 1.26.1   dependency-type: direct:development   update-type: version-update:semver-minor ...  Signed-off-by: dependabot[bot] <support@github.com>
16328,build(deps): bump prek from 0.4.3 to 0.4.5 in /dev-tools,https://github.com/apache/lucene/pull/16328,MERGED,1,1,2,20,20,40,56,9813,0,0,530,530.0,530,0,build(deps): bump prek from 0.4.3 to 0.4.5 in /dev-tools  Bumps [prek](https://github.com/j178/prek) from 0.4.3 to 0.4.5. - [Release notes](https://github.com/j178/prek/releases) - [Changelog](https://github.com/j178/prek/blob/master/CHANGELOG.md) - [Commits](https://github.com/j178/prek/compare/v0.4.3...v0.4.5)  --- updated-dependencies: - dependency-name: prek   dependency-version: 0.4.5   dependency-type: direct:development   update-type: version-update:semver-patch ...  Signed-off-by: dependabot[bot] <support@github.com>
16327,build(deps): bump ast-grep-cli from 0.42.3 to 0.44.0 in /dev-tools,https://github.com/apache/lucene/pull/16327,MERGED,1,1,2,11,11,22,66,22082,0,0,589,589.0,589,0,build(deps): bump ast-grep-cli from 0.42.3 to 0.44.0 in /dev-tools  Bumps [ast-grep-cli](https://github.com/ast-grep/ast-grep) from 0.42.3 to 0.44.0. - [Release notes](https://github.com/ast-grep/ast-grep/releases) - [Changelog](https://github.com/ast-grep/ast-grep/blob/main/CHANGELOG.md) - [Commits](https://github.com/ast-grep/ast-grep/compare/0.42.3...0.44.0)  --- updated-dependencies: - dependency-name: ast-grep-cli   dependency-version: 0.44.0   dependency-type: direct:development   update-type: version-update:semver-minor ...  Signed-off-by: dependabot[bot] <support@github.com>
16326,build(deps): bump ty from 0.0.46 to 0.0.53 in /dev-tools,https://github.com/apache/lucene/pull/16326,MERGED,1,1,1,1,1,2,56,10901,0,0,538,538.0,538,0,build(deps): bump ty from 0.0.46 to 0.0.53 in /dev-tools  Bumps [ty](https://github.com/astral-sh/ty) from 0.0.46 to 0.0.53. - [Release notes](https://github.com/astral-sh/ty/releases) - [Changelog](https://github.com/astral-sh/ty/blob/main/CHANGELOG.md) - [Commits](https://github.com/astral-sh/ty/compare/0.0.46...0.0.53)  --- updated-dependencies: - dependency-name: ty   dependency-version: 0.0.53   dependency-type: direct:production   update-type: version-update:semver-patch ...  Signed-off-by: dependabot[bot] <support@github.com>
16325,ci: bump actions/checkout from 6.0.3 to 7.0.0,https://github.com/apache/lucene/pull/16325,MERGED,1,1,15,20,20,40,45,13330,0,0,636,636.0,636,0,ci: bump actions/checkout from 6.0.3 to 7.0.0  Bumps [actions/checkout](https://github.com/actions/checkout) from 6.0.3 to 7.0.0. - [Release notes](https://github.com/actions/checkout/releases) - [Changelog](https://github.com/actions/checkout/blob/main/CHANGELOG.md) - [Commits](https://github.com/actions/checkout/compare/df4cb1c069e1874edd31b4311f1884172cec0e10...9c091bb21b7c1c1d1991bb908d89e4e9dddfe3e0)  --- updated-dependencies: - dependency-name: actions/checkout   dependency-version: 7.0.0   dependency-type: direct:production   update-type: version-update:semver-major ...  Signed-off-by: dependabot[bot] <support@github.com>
16324,Avoid redundant work in AbstractKnnVectorQuery.rewrite's optimistic path,https://github.com/apache/lucene/pull/16324,MERGED,1,2,2,5,1,6,72,488,0,0,89,44.5,72,0,Avoid redundant work in AbstractKnnVectorQuery.rewrite's optimistic path || add changes entry
16322,StableTfl Similarity (#16243),https://github.com/apache/lucene/pull/16322,MERGED,1,5,3,587,1,588,29,677,1,2,727,145.4,627,0,"StableTfl Similarity (#16243)  Adds StableTflSimilarity, a new similarity algorithm that estimates term rarity from term length and document length instead of corpus-level stats (doc frequency, total doc count, avg doc length). I presented this model at Haystack 2026 at Charlottesville (slides).  It keeps the same overall shape as BM25 - a sum over query terms of a term-frequency saturation factor times a per-term rarity weigh, but swaps IDF for a synthetic, corpus-independent term rarity (TR) term, computed as the probability that a given term appears in a doc at least once based only on the term length and doc length. || non-trivial integrations: symbol renames and remove k3 which isn't in 10 || suppress || tidy-- || update CHANGES"
16316,Lazily allocate DocAndScoreAccBuffer in MaxScoreBulkScorer,https://github.com/apache/lucene/pull/16316,MERGED,1,2,2,5,3,8,58,106,2,0,171,85.5,164,0,"Lazily allocate DocAndScoreAccBuffer in MaxScoreBulkScorer  This buffer is only used in certain code paths, so allocation in the constructor adds unnecessary costs. || changes"
16315,Fix flaky test TestIndexOptions > testMultiValueForcesDeoptimization,https://github.com/apache/lucene/pull/16315,MERGED,1,3,2,3,0,3,68,670,1,0,118,39.333333333333336,68,4,Fix flaky test TestIndexOptions > testMultiValueForcesDeoptimization || Update CHANGES.txt || Merge branch 'main' into i_16309
16313,Refactor conditional statements to switch expression in Dictionary class,https://github.com/apache/lucene/pull/16313,MERGED,1,4,2,112,119,231,72,251,8,0,205,51.25,85,3,Refactor conditional statements to switch expression in Dictionary class || Refactor Hunspell dictionary parser to use switch-based dispatch for affix directives || Merge branch 'main' into sing_switch || gradlew tidy
16312,Upgrade opennlp to 2.5.10 (10x branch). #16308,https://github.com/apache/lucene/pull/16312,MERGED,1,1,7,9,7,16,46,0,0,0,46,46.0,46,0,Upgrade opennlp to 2.5.10 (10x branch). #16308
16308,deps(java): bump org.apache.opennlp:opennlp-tools from 2.5.9 to 2.5.10,https://github.com/apache/lucene/pull/16308,MERGED,1,3,7,9,7,16,70,9290,0,0,620,206.66666666666666,562,0,deps(java): bump org.apache.opennlp:opennlp-tools from 2.5.9 to 2.5.10  Bumps [org.apache.opennlp:opennlp-tools](https://github.com/apache/opennlp) from 2.5.9 to 2.5.10. - [Release notes](https://github.com/apache/opennlp/releases) - [Commits](https://github.com/apache/opennlp/compare/opennlp-2.5.9...opennlp-2.5.10)  --- updated-dependencies: - dependency-name: org.apache.opennlp:opennlp-tools   dependency-version: 2.5.10   dependency-type: direct:production   update-type: version-update:semver-patch ...  Signed-off-by: dependabot[bot] <support@github.com> || Update lockfile and checksums. || Add changes entry under 10x.
16307,Skip runs of excluded docs in ReqExclBulkScorer for two-phase clauses,https://github.com/apache/lucene/pull/16307,MERGED,1,2,3,11,4,15,69,602,7,0,915,457.5,562,1,"Skip runs of excluded docs in ReqExclBulkScorer for two-phase clauses  Use TwoPhaseIterator#docIDRunEnd() to skip a run of excluded docs for a two-phase excluded clause, like the plain DocIdSetIterator branch already does, instead of advancing one doc at a time. Clamp to at least upTo+1 since TwoPhaseIterator#docIDRunEnd() defaults to the current doc. || Fix TwoPhaseIterator#docIDRunEnd default to return docID()+1  The default returned the current doc ID of the approximation, contradicting the method's own contract (""one plus the last doc ID of the run"") and the DocIdSetIterator#docIDRunEnd default. Since the run always contains the current doc, the conservative single-doc default must be docID()+1. Align it and update the ReqExclBulkScorer comment; the Math.max(upTo+1, ...) clamp stays as defense against third-party TwoPhaseIterator implementations.  Co-Authored-By: Claude Opus 4.8 <noreply@anthropic.com>"
16305,Alter TopGroups.merge() to not return null if no groups,https://github.com/apache/lucene/pull/16305,MERGED,1,1,2,19,2,21,55,385,0,0,105,105.0,105,0,Alter TopGroups.merge() to not return null if no groups  Signed-off-by: Binlong Gao <gbinlong@amazon.com>
16304,perf: Use Lucene `PriorityQueue` to speed up `GeneratingSuggester` a little bit,https://github.com/apache/lucene/pull/16304,CLOSED,0,1,1,16,9,25,79,0,0,0,79,79.0,79,0,perf: Use Lucene `PriorityQueue` to speed up `GeneratingSuggester` a little bit
16303,Add suppressed exception details in NativeFSLockFactory lock acquisit…,https://github.com/apache/lucene/pull/16303,MERGED,1,4,3,59,6,65,70,683,1,1,243,60.75,80,1,Add suppressed exception details in NativeFSLockFactory lock acquisition failure || Update CHANGES.txt with PR number #16303 || Move FileLock variable inside try block per reviewer feedback || Merge branch 'main' into fix-nativefslockfactory-addsuppressed
16302,Fix java doc for TopGroups.mergeBlockGroups,https://github.com/apache/lucene/pull/16302,MERGED,1,2,1,2,1,3,43,161,1,0,128,64.0,93,2,Fix java doc for TopGroups.mergeBlockGroups  Signed-off-by: Binlong Gao <gbinlong@amazon.com> || Merge branch 'main' into fixJavaDoc
16301,Upgrade to recently released OpenNLP 1.9.5 that fixes several CVEs,https://github.com/apache/lucene/pull/16301,MERGED,1,2,3,5,3,8,66,252,2,0,80,40.0,58,1,Upgrade to recently released OpenNLP 1.9.5 that fixes cves || Add in changelog entry
16300,LUCENE-14611: Reduce memory pressure in TestTermInSetQuery.testDuel,https://github.com/apache/lucene/pull/16300,MERGED,1,6,2,27,6,33,67,2773,3,2,325,54.166666666666664,67,6,LUCENE-14611: Reduce memory pressure in TestTermInSetQuery.testDuel || LUCENE-14611: Clarify TestTermInSetQuery match comparison || LUCENE-14611: Add CHANGES entry || LUCENE-14611: Use FixedBitSet equality for match comparison || LUCENE-14611: Reuse FixedBitSetCollector for match comparison || Merge branch 'main' into lucene-14611-testduel-oom
16296,Fix inconsistent null handling between array and single object version RAM estimation,https://github.com/apache/lucene/pull/16296,MERGED,1,7,3,19,1,20,85,597,4,2,318,45.42857142857143,108,1,Fix inconsistent null handling between array and single object version for Accountable in RamUsageEstimator. || Tidy || Add changelog entry || Add missing override || Update javadocs documenting null behavior || Merge branch 'main' into make-accountable-null-check-consistent || Merge branch 'main' into make-accountable-null-check-consistent
16295,Delegate rangeIntoBitSet in SingletonSortedNumericDocValues,https://github.com/apache/lucene/pull/16295,MERGED,1,3,3,70,1,71,59,323,1,2,389,129.66666666666666,339,1,"Delegate rangeIntoBitSet in SingletonSortedNumericDocValues  SingletonSortedNumericDocValues did not override rangeIntoBitSet, causing single-valued sorted numeric fields queried via SortedNumericDocValuesField.newSlowRangeQuery to fall back to per-doc scalar evaluation even when the underlying NumericDocValues has an optimized override. || Update CHANGES.txt || Test delegation via counting spy"
16294,Route doc-values queries through ConstantScoreScorerSupplier,https://github.com/apache/lucene/pull/16294,MERGED,1,8,6,36,15,51,60,189,1,0,564,70.5,223,0,Route doc-values queries through ConstantScoreScorerSupplier  Replace DefaultScorerSupplier with ConstantScoreScorerSupplier in five constant-score doc-values queries so their iterators can take the dense bulk scoring path. || Update CHANGES.txt || Merge branch 'main' into lucene/trivial-scorer-supplier-swaps || Merge branch 'main' into lucene/trivial-scorer-supplier-swaps || Merge branch 'main' into lucene/trivial-scorer-supplier-swaps || Update CHANGES.txt || Merge branch 'main' into lucene/trivial-scorer-supplier-swaps || Merge branch 'main' into lucene/trivial-scorer-supplier-swaps
16293,"Rename prefix to prefixLength, suffix to suffixLength in IntersectTermsEnumFrame.",https://github.com/apache/lucene/pull/16293,MERGED,1,1,2,31,30,61,81,196,0,0,81,81.0,81,4,"Rename prefix to prefixLength, suffix to suffixLength in IntersectTermsEnumFrame."
16291,deps(java): bump com.google.errorprone:error_prone_core from 2.49.0 to 2.50.0,https://github.com/apache/lucene/pull/16291,MERGED,1,4,12,28,20,48,77,6257,1,0,769,192.25,559,1,"deps(java): bump com.google.errorprone:error_prone_core  Bumps [com.google.errorprone:error_prone_core](https://github.com/google/error-prone) from 2.49.0 to 2.50.0. - [Release notes](https://github.com/google/error-prone/releases) - [Commits](https://github.com/google/error-prone/compare/v2.49.0...v2.50.0)  --- updated-dependencies: - dependency-name: com.google.errorprone:error_prone_core   dependency-version: 2.50.0   dependency-type: direct:production   update-type: version-update:semver-minor ...  Signed-off-by: dependabot[bot] <support@github.com> || Update lock file, add canonical name for JavaLangClash || Merge remote-tracking branch 'origin/main' into dependabot/gradle/com.google.errorprone-error_prone_core-2.50.0 || Add new errorprone checks and fix violations."
16290,deps(java): bump com.github.luben:zstd-jni from 1.5.7-10 to 1.5.7-11,https://github.com/apache/lucene/pull/16290,MERGED,1,1,1,1,1,2,68,1785,0,0,470,470.0,470,0,deps(java): bump com.github.luben:zstd-jni from 1.5.7-10 to 1.5.7-11  Bumps [com.github.luben:zstd-jni](https://github.com/luben/zstd-jni) from 1.5.7-10 to 1.5.7-11. - [Commits](https://github.com/luben/zstd-jni/commits/v1.5.7-11)  --- updated-dependencies: - dependency-name: com.github.luben:zstd-jni   dependency-version: 1.5.7-11   dependency-type: direct:production   update-type: version-update:semver-patch ...  Signed-off-by: dependabot[bot] <support@github.com>
16289,deps(java): bump com.diffplug.spotless from 8.6.0 to 8.7.0,https://github.com/apache/lucene/pull/16289,MERGED,1,1,1,1,1,2,58,1557,0,0,341,341.0,341,0,deps(java): bump com.diffplug.spotless from 8.6.0 to 8.7.0  Bumps com.diffplug.spotless from 8.6.0 to 8.7.0.  --- updated-dependencies: - dependency-name: com.diffplug.spotless   dependency-version: 8.7.0   dependency-type: direct:production   update-type: version-update:semver-minor ...  Signed-off-by: dependabot[bot] <support@github.com>
16288,deps(java): bump org.eclipse.jgit:org.eclipse.jgit from 7.6.0.202603022253-r to 7.7.0.202606012155-r,https://github.com/apache/lucene/pull/16288,MERGED,1,1,1,1,1,2,100,3581,0,0,546,546.0,546,0,deps(java): bump org.eclipse.jgit:org.eclipse.jgit  Bumps [org.eclipse.jgit:org.eclipse.jgit](https://github.com/eclipse-jgit/jgit) from 7.6.0.202603022253-r to 7.7.0.202606012155-r. - [Commits](https://github.com/eclipse-jgit/jgit/compare/v7.6.0.202603022253-r...v7.7.0.202606012155-r)  --- updated-dependencies: - dependency-name: org.eclipse.jgit:org.eclipse.jgit   dependency-version: 7.7.0.202606012155-r   dependency-type: direct:production   update-type: version-update:semver-minor ...  Signed-off-by: dependabot[bot] <support@github.com>
16287,deps(java): bump morfologik from 2.1.9 to 2.2.0,https://github.com/apache/lucene/pull/16287,MERGED,1,2,8,10,10,20,47,12790,0,0,1136,568.0,1116,0,"deps(java): bump morfologik from 2.1.9 to 2.2.0  Bumps `morfologik` from 2.1.9 to 2.2.0.  Updates `org.carrot2:morfologik-polish` from 2.1.9 to 2.2.0 - [Release notes](https://github.com/morfologik/morfologik-stemming/releases) - [Changelog](https://github.com/morfologik/morfologik-stemming/blob/master/CHANGES.txt) - [Commits](https://github.com/morfologik/morfologik-stemming/compare/2.1.9...2.2.0)  Updates `org.carrot2:morfologik-stemming` from 2.1.9 to 2.2.0 - [Release notes](https://github.com/morfologik/morfologik-stemming/releases) - [Changelog](https://github.com/morfologik/morfologik-stemming/blob/master/CHANGES.txt) - [Commits](https://github.com/morfologik/morfologik-stemming/compare/2.1.9...2.2.0)  --- updated-dependencies: - dependency-name: org.carrot2:morfologik-polish   dependency-version: 2.2.0   dependency-type: direct:production   update-type: version-update:semver-minor - dependency-name: org.carrot2:morfologik-stemming   dependency-version: 2.2.0   dependency-type: direct:production   update-type: version-update:semver-minor ...  Signed-off-by: dependabot[bot] <support@github.com> || Lockfile, checksums."
16286, Add bulk BinaryDocValues#binaryValues API,https://github.com/apache/lucene/pull/16286,MERGED,1,5,7,529,2,531,42,1402,0,4,666,133.2,262,2,"Add bulk BinaryDocValues#binaryValues API  Mirrors NumericDocValues#longValues for binary fields. Default impl: per-doc advanceExact + deepCopyOf fallback. Null for missing docs. Includes CheckIndex validation, AssertingLeafReader assertions, dense+sparse tests. || Add Lucene90 codec overrides for binaryValues  Dense fixed-length and variable-length binary doc values bypass virtual dispatch by reading directly from the data slice. Includes JMH benchmark comparing bulk vs per-doc. || Update CHANGES.txt || Improve SIMD implementation by reducing allocations  Allocate memory only if the backing BytesRef is not continous || Merge branch 'main' into lucene/binary-values-bulk-api"
16285,Apply GCD bound transform to sorted numeric rangeIntoBitSet,https://github.com/apache/lucene/pull/16285,MERGED,1,8,4,527,29,556,59,2765,3,7,1007,125.875,343,3,"Apply GCD bound transform to sorted numeric rangeIntoBitSet  GCD- and delta-encoded multi-value SortedNumericDocValues decode every packed value during range evaluation. This transforms query bounds into the encoded domain and compares raw values directly, matching the recipe used for single-value NumericDocValues. || Add CHANGES.txt entries for sorted numeric rangeIntoBitSet || Use TermQuery lead in benchmark to force DenseConjunction path || Add test coverage for GCD transform edge cases  - Variable cardinality: exercises the per-doc fallback   loop when denseFixedCardinality == -1 - Between-multiples bounds: exercises transformGcdBounds   null early-exit when query range falls between GCD   multiples - Randomized test: add variable cardinality and   between-multiples variations || Unify GCD and non-GCD rangeIntoBitSet paths || Merge remote-tracking branch 'upstream/main' into lucene/sorted-numeric-gcd-range  # Conflicts: #	lucene/CHANGES.txt || Update CHANGES.txt || Lazily allocate raw values slice in rangeIntoBitSet"
16284,Add Java 25 and 26 to vectorIncubatorJavaVersions,https://github.com/apache/lucene/pull/16284,MERGED,1,1,1,6,2,8,49,443,1,0,49,49.0,49,0,Add Java 25 and 26 to vectorIncubatorJavaVersions
16283,Use Panama Vector API to SIMD-evaluate fixed-cardinality sorted numeric range queries in rangeIntoBitSet(),https://github.com/apache/lucene/pull/16283,MERGED,1,6,5,105,25,130,106,3294,2,8,514,85.66666666666667,328,5,Add fixed-cardinality SIMD for sorted numeric ranges  Dense fixed-cardinality sorted numeric values can evaluate range blocks with the vectorization provider when the flattened value layout is raw and contiguous. Keep the optimization gated to layouts that benchmark well and retain scalar fallback behavior for other encodings. || Address feedback || Merge branch 'main' into lucene/sorted-numeric-fixed-simd || Update CHANGES.txt || Merge branch 'main' into lucene/sorted-numeric-fixed-simd || Fix trailing whitespace in CHANGES.txt
16281,Check if merge is aborted during file integrity checksums,https://github.com/apache/lucene/pull/16281,MERGED,1,5,95,453,241,694,57,1094,6,2,1288,257.6,1131,0,"Check if merge is aborted during file integrity checksums  This pull request follows the discussion on #16086.  It adds a new `CodecUtil.checksumEntireFile(IndexInput, OneMerge)` that periodically checks whether the merge has been aborted while reading through the file. This avoids spending time checksumming large files when the merge is already cancelled. The check runs every 1 MB. This idea was suggested by Robert (thanks!).  It also adds a `checkIntegrity(OneMerge)` to all codec reader/producer base classes, with a default implementation that delegates to the existing `checkIntegrity()`. I think I updated all current codec implementations to propagate the merge to CodecUtil.checksumEntireFile(IndexInput, OneMerge).  An alternative change would be to make `checkIntegrity(OneMerge)` abstract and `checkIntegrity()` final, delegating to `checkIntegrity(null)`. That would prevent subclasses from silently ignoring the merge parameter but it would require updating all (backwards and third party) codec implementations. Or just replace `checkIntegrity()` by `checkIntegrity(OneMerge)`. Happy to hear our thoughts on this. || Merge branch 'main' into abort-check-in-checksum-entire-file || checkIntegrity || Merge branch 'main' into abort-check-in-checksum-entire-file || docs: add CHANGES entry"
16280,Single-pass writeString fast path for short strings in ByteBuffersDataOutput,https://github.com/apache/lucene/pull/16280,MERGED,1,4,4,246,2,248,76,24787,2,2,186,46.5,88,2,Apply fast path for short strings (charCount <= 42) writeString in ByteBuffersDataOutput || Update CHANGES.txt || Merge branch 'main' into bbo_writestring_fast_path_pr || Cleanup of repeatable code.
16278,Add suppressed exception details in NativeFSLockFactory lock acquisition failure,https://github.com/apache/lucene/pull/16278,MERGED,1,4,2,31,12,43,80,876,3,0,933,233.25,758,7,"Add suppressed exception details in NativeFSLockFactory lock acquisition failure  When lock acquisition fails in NativeFSLockFactory.obtainFSLock, exceptions thrown while closing the FileChannel are now attached as suppressed exceptions to the original failure instead of being silently swallowed via IOUtils.closeWhileHandlingException.  Changes: - Replace finally block with catch(Throwable) to properly propagate suppressed   exceptions using IOUtils.closeWhileSuppressingExceptions and addSuppressed - Add test testSuppressedExceptionOnLockFailure verifying close failures   appear as suppressed exceptions on the original lock failure - Add CHANGES.txt entry under Lucene 11.0.0 Bug Fixes  Resolves the TODO comment at NativeFSLockFactory.java line 121. || Update CHANGES.txt with PR number #16278 || Refactor NativeFSLockFactory lock acquisition to separate concerns || Merge branch 'main' into fix-nativefslockfactory-suppressed-exception"
16275,reduce k in KNN test to avoid occasional (expected) random test fails,https://github.com/apache/lucene/pull/16275,MERGED,1,1,1,1,9,10,69,275,1,0,69,69.0,69,2,reduce k in KNN test to avoid occasional (expected) random test fails
16274,Refresh all regenerated resources.,https://github.com/apache/lucene/pull/16274,MERGED,1,1,7,8200,8188,16388,34,92,0,0,34,34.0,34,0,Refresh all regenerated resources.
16273,Upgrade gradle to 9.6.0.,https://github.com/apache/lucene/pull/16273,MERGED,1,1,2,2,2,4,24,0,0,0,24,24.0,24,0,Upgrade gradle to 9.6.0.
16271,Add detail to KNN no-match explanations,https://github.com/apache/lucene/pull/16271,MERGED,1,9,4,188,14,202,39,1368,5,7,559,62.111111111111114,206,1,"Add detail to KNN no-match explanations  Recompute the explained doc's score in explain() so ""not in top N docs"" says why, e.g. below cutoff, excluded by filter, no vector value, or a tie-break/recall miss. || Add testExplainTieBreak || Only allow noMatchExplainer.explain to be called for the reader the query was built against || Move GITHUB#16271 changelog entry to Lucene 10.6.0 || minimum top-K score message changed || Merge branch 'apache:main' into KNNexplain || Merge branch 'main' into KNNexplain || Merge branch 'apache:main' into KNNexplain || Merge branch 'main' into KNNexplain"
16270,Align batch exception handling with document method,https://github.com/apache/lucene/pull/16270,MERGED,1,1,1,9,13,22,51,81,0,0,133,133.0,133,0,Align batch exception handling with document method  Make updateBatch's exception handling match the existing updateDocuments method.
16266,Replace SimpleCollector driver with explicit leaf iteration in QueryUtils,https://github.com/apache/lucene/pull/16266,MERGED,1,6,2,76,113,189,73,379,2,0,985,164.16666666666666,473,0,"Prepare SimpleCollector in QueryUtils for driver replacement  Create outerWeight/shadowWeight before the search call so they are ready for the loop, eliminating the per-leaf weight creation inside collect(). Replace leafPtr with a currentLeafContext field set in doSetNextReader. Move opidx to an instance field. Rename the outer Scorable field to outerScorer to avoid a future name collision with the shadow Scorer. No behaviour change. || Replace SimpleCollector driver with explicit leaf iteration in QueryUtils  Remove the deprecated IndexSearcher#search(Query, Collector) call. The SimpleCollector wrapper is gone; a for-loop over leaf contexts and a while-loop over matching documents are now the explicit driver. The only content changes are the array-wrapper removals (lastDoc[0] → lastDoc, lastReader[0] → lastReader) and the outer try-catch, both unavoidable consequences of removing the anonymous class. || changes || Merge branch 'main' into query_utils_no_search || move changes entry || iter"
16264,Check if merge is aborted before executing file integrity checks,https://github.com/apache/lucene/pull/16264,MERGED,1,3,18,53,11,64,64,284,1,2,90,30.0,64,0,Check if merge is aborted before executing file integrity checks || @lucene.internal || add change
16262,"Replace search(Query, Collector) deprecated usages in TestJoinUtil ",https://github.com/apache/lucene/pull/16262,MERGED,1,6,1,265,156,421,67,19,0,0,183,30.5,85,1,"Replace search(Query, Collector) deprecated usages in TestJoinUtil  Relates to #12892 || tidy || more changes || comment || iter || Merge branch 'main' into enhancement/remove_deprecated_search_join_util"
16260,Adjust MaxScoreBulkScorer bitset/leapfrog threshold,https://github.com/apache/lucene/pull/16260,MERGED,1,2,2,258,5,263,51,229,1,1,414,207.0,282,1,"Adjust MaxScoreBulkScorer bitset/leapfrog threshold  Rather than using a fixed filter cost, instead compare the cost of the filter to the cost of the disjunction scorers and only go via a bitset if the filter is sparser than the disjunction or if there are many disjunction clauses. || Update lucene/core/src/java/org/apache/lucene/search/MaxScoreBulkScorer.java  Co-authored-by: Jim Ferenczi <jim.ferenczi@elastic.co>"
16259,Use leap-frog for sparse two-phase windows in DenseConjunctionBulkScorer,https://github.com/apache/lucene/pull/16259,MERGED,1,1,1,117,2,119,72,2114,0,0,1044,1044.0,1044,0,"Use leap-frog for sparse two-phase windows in DenseConjunctionBulkScorer  GITHUB#16177 routed every two-phase window through the unified bit-set path. That regressed sparse conjunctions whose surviving docs must be confirmed by an expensive two-phase clause (e.g. a phrase under a selective filter, such as the CountFilteredPhrase nightly task): the per-window bit-set materialization (intoBitSet, applyMask, cardinality, BitSetDocIdStream) is not amortized when only a few docs survive, so it loses to plain leap-frog.  Dispatch such windows to a restored scoreWindowUsingLeapFrog. A window uses leap-frog when its lead is sparse (leadCost <= maxDoc/4) and some two-phase clause is skippable (approximation().cost() < maxDoc). A skip-indexed doc-values range reports cost == NO_MORE_DOCS (>= maxDoc): it cannot be skipped, so it stays on the bit-set path and keeps the SIMD intoBitSet win from GITHUB#16177. Plain approximations are now also sorted before two-phase ones so matches() only runs on docs that already satisfy every approximation."
16258,Extract per-doc assertion helpers in QueryUtils,https://github.com/apache/lucene/pull/16258,MERGED,1,3,2,117,93,210,47,394,0,0,279,93.0,262,0,"Extract per-doc assertion helpers in QueryUtils  Move the 70-line assertion+diagnostic block from checkSkipTo's collect() into assertDocAndScore(), and the advance-check for-loop body from checkFirstSkipTo's collect() into assertAdvanceTo(). No behaviour change. || changes || changes id"
16257,Support JDK 26 in Panama Vectorization Provider,https://github.com/apache/lucene/pull/16257,MERGED,1,2,3,4,2,6,47,573,0,0,81,40.5,47,0,support JDK 26 in Panama Vectorization Provider || Merge branch 'main' into jdk26_vec
16256,"Fix RoaringDocIdSet#add(min, max) corruption at exactly 4096 block cardinality",https://github.com/apache/lucene/pull/16256,MERGED,1,2,3,19,2,21,78,175,1,0,101,50.5,74,1,Fix RoaringDocIdSet range-add corruption at exactly 4096 block cardinality || add changes on GITHUB#16081
16255,build: replace nocommit/TOOD checks with typos-cli,https://github.com/apache/lucene/pull/16255,MERGED,1,2,282,746,682,1428,50,868,0,0,936,468.0,902,1,"build: replace nocommit/TOOD checks with typos-cli  Integrate typos (https://github.com/crate-ci/typos/) to detect common typos and to ban a few (nocommit and TOOD) in a better way.  The checker is already has a very low false-positive rate, but this repository is challenging: stemmers, suggesters, spellcheckers, normalizers, regex, wildcard, fuzzies, etc.  To prevent it from being annoying, tone it down a bit.  Only opt-in to checking file types we care about such as java, groovy, markdown, html, etc.  Only check words of at least length 5 (except TOOD).  Disable checking within string literals. Most typos fixed here were not in string literals anyway, so it doesn't buy us that much, except hassle.  Avoid checking personal names and usernames in CHANGES.txt whilst still checking the changelog messages.  Allow inline disable comments if needed (used once here where the typo is on purpose). || Merge branch 'main' into typos-cli"
16254,Enable the vectorized findNextGEQ path on aarch64,https://github.com/apache/lucene/pull/16254,MERGED,1,1,2,9,3,12,49,18380,2,0,819,819.0,819,0,"Enable the vectorized findNextGEQ path on aarch64  The ENABLE_FIND_NEXT_GEQ_VECTOR_OPTO gate requires INT_SPECIES.length() >= 8, a threshold tuned on x86 in GITHUB#13958. On aarch64 cores with fewer than 8 int lanes the vectorized findNextGEQ falls back to a scalar linear scan. That includes Graviton2 (NEON-128, 4 lanes) and Graviton4 (Neoverse-V2 implements SVE2 at 128-bit, 4 lanes). Measured on real silicon (AdvanceBenchmark, default flags): the existing vector path is +75% on Graviton4 and +35% on Graviton2 vs the scalar fallback, so additionally enable it on aarch64. x86 is unaffected: the added condition is always false there (256/512-bit already satisfy >= 8). The method body is unchanged; only the enable condition changes. Uses the same aarch64-explicit idiom as VectorUtil.XOR_BIT_COUNT_STRIDE_AS_INT."
16253,Fix backward advanceExact in DocValuesRangeIterator#intoBitSet MAYBE …,https://github.com/apache/lucene/pull/16253,MERGED,1,6,5,135,63,198,70,504,0,2,149,24.833333333333332,75,2,Fix backward advanceExact in DocValuesRangeIterator#intoBitSet MAYBE blocks || tidy || add changes entry || merge changes entry to #16166 || Fix ECJ javadoc lint || tidy
16252,Fix NPE in RoaringDocIdSet.Iterator#intoBitSet,https://github.com/apache/lucene/pull/16252,MERGED,1,3,3,25,0,25,46,902,1,7,221,73.66666666666667,128,1,Fix NPE in RoaringDocIdSet.Iterator#intoBitSet || Update lucene/core/src/java/org/apache/lucene/util/RoaringDocIdSet.java  Co-authored-by: Prithvi S <prithvisivasankar@gmail.com> || Move CHANGES entry for #16250 to Lucene 10.5.0.
16247,Introduce CachingCollectorManager to parallelize search when using CachingCollector,https://github.com/apache/lucene/pull/16247,MERGED,1,16,9,379,64,443,83,390,1,39,1134,70.875,133,9,Introduce CachingCollectorManager to parallelize search when using CachingCollector  Signed-off-by: Binlong Gao <gbinlong@amazon.com> || Modify change log  Signed-off-by: Binlong Gao <gbinlong@amazon.com> || Optimize code and fix bug  Signed-off-by: Binlong Gao <gbinlong@amazon.com> || Fix test issue || Merge remote-tracking branch 'upstream/main' into cachingCollectorManager || Merge remote-tracking branch 'upstream/main' into cachingCollectorManager || Add more tests and fix some issue  Signed-off-by: Binlong Gao <gbinlong@amazon.com> || Merge remote-tracking branch 'upstream/main' into cachingCollectorManager || Add more tests and fix some issues  Signed-off-by: Binlong Gao <gbinlong@amazon.com> || Revert unnecessary change  Signed-off-by: Binlong Gao <gbinlong@amazon.com> || Optimize code and add tests  Signed-off-by: Binlong Gao <gbinlong@amazon.com> || merge main || Return real values of matchGroups and matchGroupHeads  Signed-off-by: Binlong Gao <gbinlong@amazon.com> || Merge remote-tracking branch 'upstream/main' into cachingCollectorManager || Merge remote-tracking branch 'upstream/main' into cachingCollectorManager || Merge branch 'main' into cachingCollectorManager
16244,Improve allEqual suffix length detection in Lucene103BlockTreeTermsWriter.,https://github.com/apache/lucene/pull/16244,CLOSED,0,2,3,80,12,92,74,0,1,0,92,46.0,74,1,Improve all-equal suffix length detection in Lucene103BlockTreeTermsWriter || Add changes entry.
16243,StableTfl Similarity,https://github.com/apache/lucene/pull/16243,MERGED,1,13,3,711,1,712,20,1763,3,2,195,15.0,34,3,stableTfl || optimization and unit tests || support k3 and bulkScorer || add comment || style fix || CHANGES.txt || fixes || use 0f || Merge branch 'main' into stableTfl || update k3 check || add to 10.6.0 || clean up artifact file || clean up
16242,Add Hangul composition char filter to analysis-nori,https://github.com/apache/lucene/pull/16242,MERGED,1,1,6,438,0,438,51,1362,0,0,34,34.0,34,0,Add Hangul composition char filter
16240,Limit term dictionary traversal in multi-term queries,https://github.com/apache/lucene/pull/16240,CLOSED,0,1,5,133,64,197,53,412,6,2,455,455.0,455,2,"Limit term dictionary traversal in multi-term queries  This change builds on the previous commit (#16222) by adding a ""visit budget"" on FilteredTermsEnum. We can use that to build a ScorerSupplier with more accurate cost if it can be done cheaply (e.g. prefix / regex queries with a prefix). If the terms enum is expensive (e.g. leading wildcard query), then the budget is exhausted and we give up.  Co-authored-by: Claude Opus 4.6 <noreply@anthropic.com>"
16238,Fix match cost for skip-indexed sorted numeric range iterators,https://github.com/apache/lucene/pull/16238,CLOSED,0,2,2,3,1,4,62,146,0,0,79,39.5,62,1,Fix match cost for skip-indexed sorted numeric range iterators || add changes entry
16237,Rename suffix to suffixLength in Lucene103BlockTreeTermsWriter.,https://github.com/apache/lucene/pull/16237,MERGED,1,1,1,24,23,47,63,196,0,0,63,63.0,63,2,Rename suffix to suffixLength in Lucene103BlockTreeTermsWriter.
16236,ci: bump astral-sh/setup-uv from 8.1.0 to 8.2.0,https://github.com/apache/lucene/pull/16236,MERGED,1,1,2,2,2,4,47,9054,0,0,574,574.0,574,0,ci: bump astral-sh/setup-uv from 8.1.0 to 8.2.0  Bumps [astral-sh/setup-uv](https://github.com/astral-sh/setup-uv) from 8.1.0 to 8.2.0. - [Release notes](https://github.com/astral-sh/setup-uv/releases) - [Commits](https://github.com/astral-sh/setup-uv/compare/08807647e7069bb48b6ef5acd8ec9567f424441b...fac544c07dec837d0ccb6301d7b5580bf5edae39)  --- updated-dependencies: - dependency-name: astral-sh/setup-uv   dependency-version: 8.2.0   dependency-type: direct:production   update-type: version-update:semver-minor ...  Signed-off-by: dependabot[bot] <support@github.com>
16235,ci: bump actions/checkout from 6.0.2 to 6.0.3,https://github.com/apache/lucene/pull/16235,MERGED,1,1,15,20,20,40,45,10218,0,0,636,636.0,636,0,ci: bump actions/checkout from 6.0.2 to 6.0.3  Bumps [actions/checkout](https://github.com/actions/checkout) from 6.0.2 to 6.0.3. - [Release notes](https://github.com/actions/checkout/releases) - [Changelog](https://github.com/actions/checkout/blob/main/CHANGELOG.md) - [Commits](https://github.com/actions/checkout/compare/de0fac2e4500dabe0009e67214ff5f5447ce83dd...df4cb1c069e1874edd31b4311f1884172cec0e10)  --- updated-dependencies: - dependency-name: actions/checkout   dependency-version: 6.0.3   dependency-type: direct:production   update-type: version-update:semver-patch ...  Signed-off-by: dependabot[bot] <support@github.com>
16234,ci: bump github/codeql-action from 4.36.0 to 4.36.1,https://github.com/apache/lucene/pull/16234,MERGED,1,1,2,3,3,6,51,11167,0,0,669,669.0,669,0,ci: bump github/codeql-action from 4.36.0 to 4.36.1  Bumps [github/codeql-action](https://github.com/github/codeql-action) from 4.36.0 to 4.36.1. - [Release notes](https://github.com/github/codeql-action/releases) - [Changelog](https://github.com/github/codeql-action/blob/main/CHANGELOG.md) - [Commits](https://github.com/github/codeql-action/compare/7211b7c8077ea37d8641b6271f6a365a22a5fbfa...87557b9c84dde89fdd9b10e88954ac2f4248e463)  --- updated-dependencies: - dependency-name: github/codeql-action   dependency-version: 4.36.1   dependency-type: direct:production   update-type: version-update:semver-patch ...  Signed-off-by: dependabot[bot] <support@github.com>
16233,build(deps): bump rumdl from 0.2.4 to 0.2.5 in /dev-tools,https://github.com/apache/lucene/pull/16233,MERGED,1,1,2,11,11,22,57,17329,0,0,539,539.0,539,0,build(deps): bump rumdl from 0.2.4 to 0.2.5 in /dev-tools  Bumps [rumdl](https://github.com/rvben/rumdl) from 0.2.4 to 0.2.5. - [Release notes](https://github.com/rvben/rumdl/releases) - [Changelog](https://github.com/rvben/rumdl/blob/main/CHANGELOG.md) - [Commits](https://github.com/rvben/rumdl/compare/v0.2.4...v0.2.5)  --- updated-dependencies: - dependency-name: rumdl   dependency-version: 0.2.5   dependency-type: direct:development   update-type: version-update:semver-patch ...  Signed-off-by: dependabot[bot] <support@github.com>
16231,build(deps): bump holidays from 0.95 to 0.98 in /dev-tools,https://github.com/apache/lucene/pull/16231,MERGED,1,1,1,1,1,2,58,17007,0,0,559,559.0,559,0,build(deps): bump holidays from 0.95 to 0.98 in /dev-tools  Bumps [holidays](https://github.com/vacanza/holidays) from 0.95 to 0.98. - [Release notes](https://github.com/vacanza/holidays/releases) - [Changelog](https://github.com/vacanza/holidays/blob/dev/CHANGES.md) - [Commits](https://github.com/vacanza/holidays/compare/v0.95...v0.98)  --- updated-dependencies: - dependency-name: holidays   dependency-version: '0.98'   dependency-type: direct:production   update-type: version-update:semver-minor ...  Signed-off-by: dependabot[bot] <support@github.com>
16230,deps(java): bump com.github.luben:zstd-jni from 1.5.7-8 to 1.5.7-10,https://github.com/apache/lucene/pull/16230,MERGED,1,2,1,1,1,2,67,1773,0,0,535,267.5,458,0,deps(java): bump com.github.luben:zstd-jni from 1.5.7-8 to 1.5.7-10  Bumps [com.github.luben:zstd-jni](https://github.com/luben/zstd-jni) from 1.5.7-8 to 1.5.7-10. - [Commits](https://github.com/luben/zstd-jni/commits)  --- updated-dependencies: - dependency-name: com.github.luben:zstd-jni   dependency-version: 1.5.7-10   dependency-type: direct:production   update-type: version-update:semver-patch ...  Signed-off-by: dependabot[bot] <support@github.com> || Merge branch 'main' into dependabot/gradle/com.github.luben-zstd-jni-1.5.7-10
16229,BooleanWeight.explain prints failing optional clauses (when required),https://github.com/apache/lucene/pull/16229,MERGED,1,5,4,49,2,51,69,440,3,4,529,105.8,297,3,"BooleanWeight.explain prints failing optional clauses  When a BooleanQuery fails to match because shouldMatchCount < minShouldMatch, or is a pure disjunction where nothing matched, the explanation now includes 'no match on optional clause (…)' sub-explanations for each non-matching SHOULD clause. || Add testExplainFailingOptionalClauses || Merge branch 'apache:main' into printFailedShouldEXPLAIN || Move test to BaseExplanationTestCase and change terms to match the docs there || Add shouldMatchCount to the minShouldMatch noMatch explanation"
16228,Reuse scratch int[] for ordinal translation,https://github.com/apache/lucene/pull/16228,MERGED,1,10,5,51,10,61,43,262,1,0,516,51.6,303,0,"Changes || Change || Change || Clean-up || Change || Changes || Reuse scratch int[] for ordinal translation  Adds a lazily-allocated 1024-element int[] (4 KB) to SharedIndexingScratch. SortedDocValuesWriter and SortedSetDocValuesWriter use it in place of per-call allocations for ordinal-to-hash translation, falling back to ad-hoc allocation for dictionaries > 1024. || Merge remote-tracking branch 'upstream/main' into use_scratch_for_dictionary_arrays || Changes || Merge remote-tracking branch 'upstream/main' into use_scratch_for_dictionary_arrays"
16227,Add dense indexing path for BinaryColumn,https://github.com/apache/lucene/pull/16227,MERGED,1,7,9,583,31,614,40,694,1,2,46,6.571428571428571,8,0,Changes || Change || Change || Clean-up || Change || Changes || Change
16226,Fix flaky TestIndexWriter.testThreadInterruptDeadlock,https://github.com/apache/lucene/pull/16226,MERGED,1,1,2,8,6,14,53,235,2,0,53,53.0,53,3,Fix flaky TestIndexWriter.testThreadInterruptDeadlock
16225,Add DictionaryColumn to column package-info Javadoc,https://github.com/apache/lucene/pull/16225,MERGED,1,1,1,4,0,4,51,79,0,0,132,132.0,132,0,Add DictionaryColumn to column package-info Javadoc  DictionaryColumn was missing from the column subtype list in package-info.java.
16224,Add TokenStreamColumn for columnar batch indexing,https://github.com/apache/lucene/pull/16224,MERGED,1,4,8,439,2,441,49,439,1,0,139,34.75,63,0,Change || Merge remote-tracking branch 'upstream/main' into token_streams || Changes || Merge remote-tracking branch 'upstream/main' into token_streams
16222,Defer term collection when query term count is unknown,https://github.com/apache/lucene/pull/16222,MERGED,1,5,3,187,28,215,54,1074,7,0,58,11.6,21,1,defer term collection || tidy || update CHANGES || fix || add changes 10.5
16220,used WANDScorer.advanceShallow() to enable block-max optimizations when nested in conjunctions,https://github.com/apache/lucene/pull/16220,MERGED,1,3,3,58,8,66,94,155,4,4,127,42.333333333333336,99,0,Implement WANDScorer.advanceShallow() to enable block-max optimizations when nested in conjunctions || review changes || review changes
16219,Allow multiple addBatch columns per field name,https://github.com/apache/lucene/pull/16219,MERGED,1,9,5,585,22,607,46,529,0,5,273,30.333333333333332,76,0,Change || Changes || Merge remote-tracking branch 'upstream/main' into multiple_columns_per_field || Change || Merge remote-tracking branch 'upstream/main' into multiple_columns_per_field || Change || Change || Review comment || Merge remote-tracking branch 'upstream/main' into multiple_columns_per_field
16218,Implement DocValueSkippers in SimpleTextCodec,https://github.com/apache/lucene/pull/16218,MERGED,1,3,6,281,68,349,45,454,0,1,588,196.0,501,5,"Implement DocValueSkippers in SimpleTextCodec  We have a few tests which need to explicitly disable SimpleTextCodec because it doesn't implement skippers properly.  This adds a simple implementation (single level, 8 docs per entry) that passes the standard suite of tests in BaseDocValuesFormatTestCase and will support other tests that assume non-degenerate implementations.  Tests that need implementation-specific skipper behaviour (eg definite block sizes) continue to explicitly set their Codecs. || deef + changes || Merge remote-tracking branch 'origin/main' into codec/simple-text-skipper"
16217,Add DistinctValuesCollectorManager to enable concurrent search,https://github.com/apache/lucene/pull/16217,MERGED,1,2,3,155,63,218,62,403,1,0,469,234.5,465,1,"Add DistinctValuesCollectorManager to enable concurrent search  Introduces DistinctValuesCollectorManager, a CollectorManager for DistinctValuesCollector that creates one collector per segment slice and merges results by taking the union of distinct values per group. Updates TestDistinctValuesCollector to use the new manager together with FirstPassGroupingCollectorManager, removing all deprecated IndexSearcher#search(Query, Collector) usages.  Relates to #12892 || iter"
16216,Add DiversifiedTopDocsCollectorManager to enable concurrent search,https://github.com/apache/lucene/pull/16216,MERGED,1,10,3,168,43,211,66,314,1,0,608,60.8,380,1,"Add DiversifiedTopDocsCollectorManager to enable concurrent search  Introduces DiversifiedTopDocsCollectorManager, an abstract CollectorManager whose reduce() merges per-slice results while re-applying the diversity constraint globally. Updates TestDiversifiedTopDocsCollector to use it, removing usages of the deprecated IndexSearcher#search(Query, Collector).  Relates to #12892 || changes || iter || iter || Merge branch 'main' into enhancement/diversified_collector_manager || changes || Merge branch 'main' into enhancement/diversified_collector_manager || iter || Merge branch 'main' into enhancement/diversified_collector_manager || iter"
16215,Extract segment-boundary check into assertNoPastSegmentEnd helper in QueryUtils,https://github.com/apache/lucene/pull/16215,MERGED,1,6,3,543,111,654,79,603,0,2,691,115.16666666666667,560,5,"Extract segment-boundary check into assertNoPastSegmentEnd helper in QueryUtils  The identical 20-line block that verifies no live documents exist past the last collected doc in a leaf appeared four times (doSetNextReader + post-loop in both checkSkipTo and checkFirstSkipTo). Extract it into a private helper so the logic lives in one place.  Also adds TestQueryUtils to verify that checkSkipTo and checkFirstSkipTo actually detect broken scorer behaviour (advance returning the wrong doc, score instability, score mismatch between advance and nextDoc paths). || changes entry || fix test || Merge branch 'main' into test/query_utils_assert_past || iter || Merge branch 'main' into test/query_utils_assert_past"
